BuildID,BuildType,FrameID,MotorID,PropellerID,ESCID,BatteryID,FlightControllerID,CompatibilityStatus,RecommendedUse
BLD-0001,3in Cinewhoop Build,FRM-0126,MTR-0411,PROP-0096,ESC-0271,BAT-0098,FC-0373,Compatible,Cinematic FPV
BLD-0002,Mapping UAV Build,FRM-0464,MTR-0227,PROP-0096,ESC-0055,BAT-0002,FC-0288,Compatible,Cinematic FPV
BLD-0003,Mapping UAV Build,FRM-0232,MTR-0274,PROP-0080,ESC-0243,BAT-0292,FC-0221,Compatible,Long Range FPV
BLD-0004,7in Long Range Build,FRM-0210,MTR-0214,PROP-0086,ESC-0183,BAT-0106,FC-0225,Compatible,Mapping / Survey
BLD-0005,Racing Build,FRM-0461,MTR-0046,PROP-0038,ESC-0189,BAT-0051,FC-0351,Compatible,Cinematic FPV
BLD-0006,Micro Whoop Build,FRM-0385,MTR-0111,PROP-0202,ESC-0061,BAT-0178,FC-0135,Compatible,Freestyle FPV
BLD-0007,3in Cinewhoop Build,FRM-0165,MTR-0375,PROP-0058,ESC-0105,BAT-0083,FC-0057,Compatible,Freestyle FPV
BLD-0008,5in Freestyle Build,FRM-0367,MTR-0120,PROP-0126,ESC-0122,BAT-0065,FC-0197,Compatible,Cinematic FPV
BLD-0009,Racing Build,FRM-0399,MTR-0312,PROP-0282,ESC-0022,BAT-0188,FC-0165,Compatible,Cinematic FPV
BLD-0010,5in Freestyle Build,FRM-0211,MTR-0394,PROP-0275,ESC-0215,BAT-0168,FC-0197,Compatible,Agriculture Monitoring
BLD-0011,7in Long Range Build,FRM-0143,MTR-0103,PROP-0226,ESC-0031,BAT-0199,FC-0241,Compatible,Freestyle FPV
BLD-0012,Racing Build,FRM-0174,MTR-0420,PROP-0094,ESC-0039,BAT-0263,FC-0252,Compatible,Mapping / Survey
BLD-0013,Racing Build,FRM-0129,MTR-0130,PROP-0013,ESC-0183,BAT-0101,FC-0194,Compatible,Agriculture Monitoring
BLD-0014,3in Cinewhoop Build,FRM-0321,MTR-0060,PROP-0255,ESC-0014,BAT-0240,FC-0047,Compatible,Agriculture Monitoring
BLD-0015,Racing Build,FRM-0376,MTR-0403,PROP-0192,ESC-0212,BAT-0041,FC-0251,Compatible,Cinematic FPV
BLD-0016,7in Long Range Build,FRM-0231,MTR-0011,PROP-0094,ESC-0197,BAT-0132,FC-0155,Compatible,Freestyle FPV
BLD-0017,7in Long Range Build,FRM-0203,MTR-0388,PROP-0137,ESC-0300,BAT-0232,FC-0039,Compatible,Agriculture Monitoring
BLD-0018,Micro Whoop Build,FRM-0109,MTR-0294,PROP-0043,ESC-0249,BAT-0103,FC-0160,Compatible,Racing FPV
BLD-0019,Racing Build,FRM-0432,MTR-0072,PROP-0061,ESC-0152,BAT-0037,FC-0103,Compatible,Mapping / Survey
BLD-0020,Racing Build,FRM-0381,MTR-0149,PROP-0185,ESC-0023,BAT-0107,FC-0062,Compatible,Agriculture Monitoring
BLD-0021,Agriculture Scout Build,FRM-0274,MTR-0091,PROP-0058,ESC-0015,BAT-0198,FC-0124,Compatible,Long Range FPV
BLD-0022,Mapping UAV Build,FRM-0097,MTR-0218,PROP-0173,ESC-0294,BAT-0112,FC-0092,Compatible,Agriculture Monitoring
BLD-0023,Racing Build,FRM-0196,MTR-0168,PROP-0018,ESC-0035,BAT-0259,FC-0059,Compatible,Racing FPV
BLD-0024,Micro Whoop Build,FRM-0403,MTR-0245,PROP-0044,ESC-0051,BAT-0057,FC-0067,Compatible,Freestyle FPV
BLD-0025,3in Cinewhoop Build,FRM-0239,MTR-0224,PROP-0039,ESC-0008,BAT-0224,FC-0158,Compatible,Long Range FPV
BLD-0026,7in Long Range Build,FRM-0179,MTR-0172,PROP-0112,ESC-0204,BAT-0083,FC-0077,Compatible,Long Range FPV
BLD-0027,3in Cinewhoop Build,FRM-0230,MTR-0311,PROP-0008,ESC-0180,BAT-0280,FC-0317,Compatible,Cinematic FPV
BLD-0028,Racing Build,FRM-0233,MTR-0251,PROP-0048,ESC-0266,BAT-0137,FC-0007,Compatible,Long Range FPV
BLD-0029,7in Long Range Build,FRM-0419,MTR-0410,PROP-0097,ESC-0227,BAT-0065,FC-0215,Compatible,Racing FPV
BLD-0030,Micro Whoop Build,FRM-0492,MTR-0329,PROP-0276,ESC-0007,BAT-0198,FC-0175,Compatible,Freestyle FPV
BLD-0031,Mapping UAV Build,FRM-0053,MTR-0021,PROP-0274,ESC-0016,BAT-0272,FC-0357,Compatible,Cinematic FPV
BLD-0032,3in Cinewhoop Build,FRM-0129,MTR-0019,PROP-0138,ESC-0102,BAT-0132,FC-0325,Compatible,Mapping / Survey
BLD-0033,3in Cinewhoop Build,FRM-0241,MTR-0126,PROP-0009,ESC-0015,BAT-0267,FC-0229,Compatible,Agriculture Monitoring
BLD-0034,Mapping UAV Build,FRM-0155,MTR-0490,PROP-0162,ESC-0050,BAT-0067,FC-0224,Compatible,Racing FPV
BLD-0035,Agriculture Scout Build,FRM-0247,MTR-0279,PROP-0149,ESC-0196,BAT-0138,FC-0228,Compatible,Cinematic FPV
BLD-0036,7in Long Range Build,FRM-0099,MTR-0216,PROP-0064,ESC-0005,BAT-0194,FC-0267,Compatible,Long Range FPV
BLD-0037,7in Long Range Build,FRM-0171,MTR-0298,PROP-0274,ESC-0005,BAT-0066,FC-0021,Compatible,Mapping / Survey
BLD-0038,Agriculture Scout Build,FRM-0293,MTR-0188,PROP-0118,ESC-0112,BAT-0028,FC-0283,Compatible,Cinematic FPV
BLD-0039,5in Freestyle Build,FRM-0025,MTR-0010,PROP-0275,ESC-0131,BAT-0235,FC-0182,Compatible,Mapping / Survey
BLD-0040,Mapping UAV Build,FRM-0106,MTR-0399,PROP-0183,ESC-0106,BAT-0249,FC-0305,Compatible,Mapping / Survey
BLD-0041,Micro Whoop Build,FRM-0256,MTR-0021,PROP-0078,ESC-0081,BAT-0057,FC-0122,Compatible,Cinematic FPV
BLD-0042,3in Cinewhoop Build,FRM-0199,MTR-0407,PROP-0179,ESC-0158,BAT-0093,FC-0174,Compatible,Mapping / Survey
BLD-0043,Racing Build,FRM-0341,MTR-0360,PROP-0210,ESC-0167,BAT-0277,FC-0200,Compatible,Racing FPV
BLD-0044,Mapping UAV Build,FRM-0371,MTR-0212,PROP-0047,ESC-0166,BAT-0108,FC-0269,Compatible,Mapping / Survey
BLD-0045,Agriculture Scout Build,FRM-0259,MTR-0078,PROP-0253,ESC-0275,BAT-0122,FC-0375,Compatible,Long Range FPV
BLD-0046,7in Long Range Build,FRM-0160,MTR-0071,PROP-0204,ESC-0094,BAT-0186,FC-0259,Compatible,Freestyle FPV
BLD-0047,Micro Whoop Build,FRM-0428,MTR-0089,PROP-0286,ESC-0099,BAT-0297,FC-0353,Compatible,Cinematic FPV
BLD-0048,7in Long Range Build,FRM-0044,MTR-0359,PROP-0160,ESC-0002,BAT-0076,FC-0041,Compatible,Long Range FPV
BLD-0049,7in Long Range Build,FRM-0158,MTR-0171,PROP-0043,ESC-0105,BAT-0127,FC-0115,Compatible,Long Range FPV
BLD-0050,5in Freestyle Build,FRM-0076,MTR-0142,PROP-0098,ESC-0029,BAT-0249,FC-0197,Compatible,Cinematic FPV
BLD-0051,Agriculture Scout Build,FRM-0435,MTR-0085,PROP-0150,ESC-0195,BAT-0204,FC-0308,Compatible,Long Range FPV
BLD-0052,5in Freestyle Build,FRM-0324,MTR-0080,PROP-0053,ESC-0285,BAT-0040,FC-0248,Compatible,Cinematic FPV
BLD-0053,3in Cinewhoop Build,FRM-0410,MTR-0223,PROP-0233,ESC-0114,BAT-0181,FC-0129,Compatible,Long Range FPV
BLD-0054,Racing Build,FRM-0120,MTR-0223,PROP-0061,ESC-0061,BAT-0053,FC-0210,Compatible,Cinematic FPV
BLD-0055,5in Freestyle Build,FRM-0054,MTR-0284,PROP-0167,ESC-0198,BAT-0299,FC-0280,Compatible,Cinematic FPV
BLD-0056,Mapping UAV Build,FRM-0291,MTR-0245,PROP-0201,ESC-0282,BAT-0197,FC-0251,Compatible,Agriculture Monitoring
BLD-0057,3in Cinewhoop Build,FRM-0265,MTR-0093,PROP-0300,ESC-0062,BAT-0156,FC-0168,Compatible,Freestyle FPV
BLD-0058,7in Long Range Build,FRM-0362,MTR-0108,PROP-0284,ESC-0220,BAT-0198,FC-0268,Compatible,Mapping / Survey
BLD-0059,Micro Whoop Build,FRM-0196,MTR-0089,PROP-0073,ESC-0207,BAT-0261,FC-0298,Compatible,Racing FPV
BLD-0060,Agriculture Scout Build,FRM-0333,MTR-0323,PROP-0103,ESC-0261,BAT-0108,FC-0106,Compatible,Cinematic FPV
BLD-0061,5in Freestyle Build,FRM-0134,MTR-0205,PROP-0210,ESC-0188,BAT-0107,FC-0303,Compatible,Long Range FPV
BLD-0062,5in Freestyle Build,FRM-0357,MTR-0316,PROP-0001,ESC-0203,BAT-0044,FC-0105,Compatible,Racing FPV
BLD-0063,5in Freestyle Build,FRM-0087,MTR-0408,PROP-0008,ESC-0187,BAT-0046,FC-0366,Compatible,Cinematic FPV
BLD-0064,Mapping UAV Build,FRM-0027,MTR-0234,PROP-0288,ESC-0123,BAT-0168,FC-0222,Compatible,Mapping / Survey
BLD-0065,3in Cinewhoop Build,FRM-0276,MTR-0374,PROP-0081,ESC-0263,BAT-0053,FC-0275,Compatible,Racing FPV
BLD-0066,3in Cinewhoop Build,FRM-0307,MTR-0010,PROP-0278,ESC-0166,BAT-0263,FC-0273,Compatible,Mapping / Survey
BLD-0067,Agriculture Scout Build,FRM-0286,MTR-0277,PROP-0074,ESC-0223,BAT-0054,FC-0172,Compatible,Long Range FPV
BLD-0068,Mapping UAV Build,FRM-0425,MTR-0295,PROP-0237,ESC-0149,BAT-0217,FC-0228,Compatible,Long Range FPV
BLD-0069,7in Long Range Build,FRM-0089,MTR-0414,PROP-0144,ESC-0271,BAT-0199,FC-0153,Compatible,Freestyle FPV
BLD-0070,Agriculture Scout Build,FRM-0365,MTR-0464,PROP-0128,ESC-0072,BAT-0296,FC-0312,Compatible,Racing FPV
BLD-0071,5in Freestyle Build,FRM-0362,MTR-0245,PROP-0206,ESC-0097,BAT-0238,FC-0283,Compatible,Mapping / Survey
BLD-0072,Agriculture Scout Build,FRM-0437,MTR-0272,PROP-0042,ESC-0272,BAT-0089,FC-0304,Compatible,Mapping / Survey
BLD-0073,Mapping UAV Build,FRM-0342,MTR-0346,PROP-0136,ESC-0112,BAT-0191,FC-0014,Compatible,Racing FPV
BLD-0074,Racing Build,FRM-0346,MTR-0044,PROP-0221,ESC-0238,BAT-0090,FC-0320,Compatible,Freestyle FPV
BLD-0075,Mapping UAV Build,FRM-0297,MTR-0302,PROP-0135,ESC-0228,BAT-0249,FC-0083,Compatible,Agriculture Monitoring
BLD-0076,Racing Build,FRM-0489,MTR-0243,PROP-0188,ESC-0221,BAT-0165,FC-0058,Compatible,Freestyle FPV
BLD-0077,Agriculture Scout Build,FRM-0155,MTR-0106,PROP-0066,ESC-0088,BAT-0269,FC-0190,Compatible,Agriculture Monitoring
BLD-0078,7in Long Range Build,FRM-0016,MTR-0129,PROP-0223,ESC-0220,BAT-0155,FC-0119,Compatible,Long Range FPV
BLD-0079,7in Long Range Build,FRM-0188,MTR-0499,PROP-0226,ESC-0253,BAT-0173,FC-0269,Compatible,Cinematic FPV
BLD-0080,7in Long Range Build,FRM-0091,MTR-0291,PROP-0125,ESC-0031,BAT-0051,FC-0363,Compatible,Cinematic FPV
BLD-0081,Agriculture Scout Build,FRM-0281,MTR-0228,PROP-0011,ESC-0174,BAT-0003,FC-0298,Compatible,Freestyle FPV
BLD-0082,Racing Build,FRM-0375,MTR-0095,PROP-0006,ESC-0284,BAT-0082,FC-0153,Compatible,Long Range FPV
BLD-0083,Racing Build,FRM-0425,MTR-0387,PROP-0151,ESC-0240,BAT-0076,FC-0329,Compatible,Freestyle FPV
BLD-0084,Micro Whoop Build,FRM-0099,MTR-0390,PROP-0057,ESC-0078,BAT-0121,FC-0375,Compatible,Racing FPV
BLD-0085,Racing Build,FRM-0104,MTR-0016,PROP-0127,ESC-0001,BAT-0242,FC-0329,Compatible,Mapping / Survey
BLD-0086,7in Long Range Build,FRM-0097,MTR-0127,PROP-0170,ESC-0246,BAT-0275,FC-0377,Compatible,Mapping / Survey
BLD-0087,Mapping UAV Build,FRM-0433,MTR-0295,PROP-0252,ESC-0128,BAT-0187,FC-0288,Compatible,Mapping / Survey
BLD-0088,5in Freestyle Build,FRM-0098,MTR-0229,PROP-0197,ESC-0165,BAT-0098,FC-0013,Compatible,Cinematic FPV
BLD-0089,Micro Whoop Build,FRM-0306,MTR-0289,PROP-0120,ESC-0279,BAT-0276,FC-0179,Compatible,Cinematic FPV
BLD-0090,Mapping UAV Build,FRM-0057,MTR-0081,PROP-0205,ESC-0198,BAT-0252,FC-0093,Compatible,Mapping / Survey
BLD-0091,Micro Whoop Build,FRM-0366,MTR-0075,PROP-0168,ESC-0018,BAT-0184,FC-0025,Compatible,Long Range FPV
BLD-0092,5in Freestyle Build,FRM-0258,MTR-0494,PROP-0248,ESC-0043,BAT-0084,FC-0355,Compatible,Racing FPV
BLD-0093,Racing Build,FRM-0035,MTR-0449,PROP-0237,ESC-0211,BAT-0286,FC-0074,Compatible,Mapping / Survey
BLD-0094,Mapping UAV Build,FRM-0316,MTR-0422,PROP-0165,ESC-0218,BAT-0256,FC-0217,Compatible,Long Range FPV
BLD-0095,Mapping UAV Build,FRM-0165,MTR-0363,PROP-0280,ESC-0047,BAT-0005,FC-0335,Compatible,Agriculture Monitoring
BLD-0096,Micro Whoop Build,FRM-0217,MTR-0120,PROP-0227,ESC-0007,BAT-0099,FC-0336,Compatible,Cinematic FPV
BLD-0097,Agriculture Scout Build,FRM-0228,MTR-0239,PROP-0025,ESC-0297,BAT-0119,FC-0219,Compatible,Mapping / Survey
BLD-0098,Racing Build,FRM-0454,MTR-0084,PROP-0233,ESC-0188,BAT-0077,FC-0046,Compatible,Long Range FPV
BLD-0099,5in Freestyle Build,FRM-0319,MTR-0178,PROP-0191,ESC-0040,BAT-0063,FC-0289,Compatible,Freestyle FPV
BLD-0100,Racing Build,FRM-0095,MTR-0067,PROP-0193,ESC-0160,BAT-0133,FC-0275,Compatible,Cinematic FPV
BLD-0101,Mapping UAV Build,FRM-0316,MTR-0028,PROP-0096,ESC-0118,BAT-0047,FC-0152,Compatible,Agriculture Monitoring
BLD-0102,5in Freestyle Build,FRM-0156,MTR-0265,PROP-0241,ESC-0062,BAT-0288,FC-0127,Compatible,Mapping / Survey
BLD-0103,Mapping UAV Build,FRM-0010,MTR-0266,PROP-0244,ESC-0041,BAT-0096,FC-0061,Compatible,Racing FPV
BLD-0104,Mapping UAV Build,FRM-0373,MTR-0158,PROP-0224,ESC-0235,BAT-0240,FC-0005,Compatible,Freestyle FPV
BLD-0105,3in Cinewhoop Build,FRM-0197,MTR-0381,PROP-0237,ESC-0017,BAT-0121,FC-0037,Compatible,Agriculture Monitoring
BLD-0106,3in Cinewhoop Build,FRM-0122,MTR-0244,PROP-0272,ESC-0053,BAT-0082,FC-0249,Compatible,Long Range FPV
BLD-0107,7in Long Range Build,FRM-0444,MTR-0032,PROP-0228,ESC-0259,BAT-0286,FC-0323,Compatible,Freestyle FPV
BLD-0108,Micro Whoop Build,FRM-0242,MTR-0276,PROP-0155,ESC-0295,BAT-0153,FC-0117,Compatible,Agriculture Monitoring
BLD-0109,3in Cinewhoop Build,FRM-0312,MTR-0224,PROP-0300,ESC-0141,BAT-0215,FC-0163,Compatible,Racing FPV
BLD-0110,Micro Whoop Build,FRM-0064,MTR-0194,PROP-0046,ESC-0182,BAT-0122,FC-0307,Compatible,Long Range FPV
BLD-0111,Mapping UAV Build,FRM-0276,MTR-0318,PROP-0043,ESC-0198,BAT-0279,FC-0150,Compatible,Mapping / Survey
BLD-0112,Racing Build,FRM-0400,MTR-0185,PROP-0029,ESC-0151,BAT-0063,FC-0033,Compatible,Mapping / Survey
BLD-0113,5in Freestyle Build,FRM-0072,MTR-0005,PROP-0164,ESC-0073,BAT-0020,FC-0320,Compatible,Freestyle FPV
BLD-0114,7in Long Range Build,FRM-0126,MTR-0243,PROP-0283,ESC-0165,BAT-0191,FC-0371,Compatible,Long Range FPV
BLD-0115,5in Freestyle Build,FRM-0412,MTR-0423,PROP-0125,ESC-0084,BAT-0079,FC-0134,Compatible,Mapping / Survey
BLD-0116,Racing Build,FRM-0495,MTR-0353,PROP-0082,ESC-0269,BAT-0125,FC-0302,Compatible,Freestyle FPV
BLD-0117,Micro Whoop Build,FRM-0496,MTR-0261,PROP-0298,ESC-0131,BAT-0260,FC-0371,Compatible,Long Range FPV
BLD-0118,5in Freestyle Build,FRM-0135,MTR-0294,PROP-0294,ESC-0217,BAT-0135,FC-0065,Compatible,Long Range FPV
BLD-0119,Micro Whoop Build,FRM-0087,MTR-0044,PROP-0243,ESC-0240,BAT-0047,FC-0142,Compatible,Long Range FPV
BLD-0120,7in Long Range Build,FRM-0319,MTR-0376,PROP-0079,ESC-0041,BAT-0085,FC-0035,Compatible,Freestyle FPV
BLD-0121,Agriculture Scout Build,FRM-0169,MTR-0276,PROP-0262,ESC-0085,BAT-0270,FC-0165,Compatible,Racing FPV
BLD-0122,5in Freestyle Build,FRM-0375,MTR-0290,PROP-0143,ESC-0281,BAT-0067,FC-0284,Compatible,Long Range FPV
BLD-0123,Agriculture Scout Build,FRM-0469,MTR-0286,PROP-0266,ESC-0191,BAT-0244,FC-0316,Compatible,Racing FPV
BLD-0124,Micro Whoop Build,FRM-0304,MTR-0202,PROP-0002,ESC-0092,BAT-0083,FC-0357,Compatible,Freestyle FPV
BLD-0125,Racing Build,FRM-0362,MTR-0003,PROP-0203,ESC-0021,BAT-0102,FC-0305,Compatible,Agriculture Monitoring
BLD-0126,Agriculture Scout Build,FRM-0183,MTR-0494,PROP-0038,ESC-0155,BAT-0208,FC-0239,Compatible,Agriculture Monitoring
BLD-0127,3in Cinewhoop Build,FRM-0259,MTR-0437,PROP-0228,ESC-0251,BAT-0160,FC-0326,Compatible,Agriculture Monitoring
BLD-0128,Mapping UAV Build,FRM-0458,MTR-0275,PROP-0026,ESC-0132,BAT-0289,FC-0207,Compatible,Agriculture Monitoring
BLD-0129,Mapping UAV Build,FRM-0200,MTR-0122,PROP-0119,ESC-0124,BAT-0195,FC-0174,Compatible,Freestyle FPV
BLD-0130,5in Freestyle Build,FRM-0235,MTR-0180,PROP-0146,ESC-0234,BAT-0016,FC-0049,Compatible,Cinematic FPV
BLD-0131,5in Freestyle Build,FRM-0182,MTR-0312,PROP-0069,ESC-0051,BAT-0067,FC-0154,Compatible,Mapping / Survey
BLD-0132,Racing Build,FRM-0461,MTR-0221,PROP-0274,ESC-0062,BAT-0060,FC-0258,Compatible,Racing FPV
BLD-0133,5in Freestyle Build,FRM-0432,MTR-0040,PROP-0031,ESC-0295,BAT-0011,FC-0153,Compatible,Freestyle FPV
BLD-0134,7in Long Range Build,FRM-0393,MTR-0051,PROP-0033,ESC-0293,BAT-0082,FC-0120,Compatible,Freestyle FPV
BLD-0135,3in Cinewhoop Build,FRM-0392,MTR-0007,PROP-0182,ESC-0243,BAT-0162,FC-0038,Compatible,Freestyle FPV
BLD-0136,Mapping UAV Build,FRM-0477,MTR-0014,PROP-0049,ESC-0139,BAT-0106,FC-0121,Compatible,Cinematic FPV
BLD-0137,5in Freestyle Build,FRM-0487,MTR-0213,PROP-0196,ESC-0133,BAT-0049,FC-0133,Compatible,Racing FPV
BLD-0138,Agriculture Scout Build,FRM-0148,MTR-0286,PROP-0297,ESC-0039,BAT-0075,FC-0048,Compatible,Mapping / Survey
BLD-0139,5in Freestyle Build,FRM-0341,MTR-0121,PROP-0131,ESC-0112,BAT-0250,FC-0119,Compatible,Freestyle FPV
BLD-0140,3in Cinewhoop Build,FRM-0370,MTR-0113,PROP-0224,ESC-0034,BAT-0172,FC-0181,Compatible,Cinematic FPV
BLD-0141,Micro Whoop Build,FRM-0113,MTR-0392,PROP-0288,ESC-0252,BAT-0129,FC-0026,Compatible,Agriculture Monitoring
BLD-0142,7in Long Range Build,FRM-0235,MTR-0036,PROP-0209,ESC-0300,BAT-0255,FC-0288,Compatible,Freestyle FPV
BLD-0143,3in Cinewhoop Build,FRM-0472,MTR-0452,PROP-0096,ESC-0094,BAT-0299,FC-0156,Compatible,Freestyle FPV
BLD-0144,Micro Whoop Build,FRM-0072,MTR-0288,PROP-0109,ESC-0175,BAT-0033,FC-0061,Compatible,Long Range FPV
BLD-0145,Micro Whoop Build,FRM-0399,MTR-0207,PROP-0099,ESC-0123,BAT-0030,FC-0263,Compatible,Long Range FPV
BLD-0146,Racing Build,FRM-0447,MTR-0496,PROP-0174,ESC-0040,BAT-0055,FC-0176,Compatible,Agriculture Monitoring
BLD-0147,3in Cinewhoop Build,FRM-0250,MTR-0183,PROP-0208,ESC-0063,BAT-0279,FC-0241,Compatible,Racing FPV
BLD-0148,Racing Build,FRM-0389,MTR-0493,PROP-0078,ESC-0085,BAT-0228,FC-0052,Compatible,Freestyle FPV
BLD-0149,3in Cinewhoop Build,FRM-0135,MTR-0253,PROP-0242,ESC-0113,BAT-0138,FC-0304,Compatible,Racing FPV
BLD-0150,Mapping UAV Build,FRM-0305,MTR-0347,PROP-0009,ESC-0200,BAT-0117,FC-0026,Compatible,Cinematic FPV
BLD-0151,Micro Whoop Build,FRM-0395,MTR-0113,PROP-0046,ESC-0229,BAT-0222,FC-0145,Compatible,Racing FPV
BLD-0152,5in Freestyle Build,FRM-0410,MTR-0268,PROP-0146,ESC-0129,BAT-0125,FC-0095,Compatible,Long Range FPV
BLD-0153,5in Freestyle Build,FRM-0055,MTR-0081,PROP-0023,ESC-0029,BAT-0189,FC-0061,Compatible,Racing FPV
BLD-0154,Racing Build,FRM-0066,MTR-0105,PROP-0091,ESC-0134,BAT-0180,FC-0299,Compatible,Freestyle FPV
BLD-0155,Agriculture Scout Build,FRM-0427,MTR-0321,PROP-0126,ESC-0284,BAT-0273,FC-0057,Compatible,Mapping / Survey
BLD-0156,5in Freestyle Build,FRM-0355,MTR-0432,PROP-0085,ESC-0232,BAT-0081,FC-0318,Compatible,Racing FPV
BLD-0157,Racing Build,FRM-0407,MTR-0491,PROP-0054,ESC-0146,BAT-0134,FC-0216,Compatible,Racing FPV
BLD-0158,Racing Build,FRM-0043,MTR-0315,PROP-0171,ESC-0057,BAT-0197,FC-0080,Compatible,Cinematic FPV
BLD-0159,3in Cinewhoop Build,FRM-0114,MTR-0063,PROP-0129,ESC-0209,BAT-0283,FC-0042,Compatible,Freestyle FPV
BLD-0160,Mapping UAV Build,FRM-0025,MTR-0132,PROP-0065,ESC-0264,BAT-0249,FC-0375,Compatible,Mapping / Survey
BLD-0161,Racing Build,FRM-0145,MTR-0224,PROP-0115,ESC-0158,BAT-0209,FC-0118,Compatible,Long Range FPV
BLD-0162,7in Long Range Build,FRM-0073,MTR-0306,PROP-0141,ESC-0164,BAT-0155,FC-0307,Compatible,Cinematic FPV
BLD-0163,Mapping UAV Build,FRM-0356,MTR-0374,PROP-0156,ESC-0280,BAT-0068,FC-0018,Compatible,Cinematic FPV
BLD-0164,Mapping UAV Build,FRM-0461,MTR-0163,PROP-0193,ESC-0068,BAT-0150,FC-0360,Compatible,Agriculture Monitoring
BLD-0165,5in Freestyle Build,FRM-0390,MTR-0079,PROP-0034,ESC-0186,BAT-0123,FC-0240,Compatible,Long Range FPV
BLD-0166,3in Cinewhoop Build,FRM-0244,MTR-0446,PROP-0179,ESC-0097,BAT-0025,FC-0078,Compatible,Agriculture Monitoring
BLD-0167,5in Freestyle Build,FRM-0259,MTR-0282,PROP-0267,ESC-0300,BAT-0168,FC-0230,Compatible,Agriculture Monitoring
BLD-0168,Micro Whoop Build,FRM-0325,MTR-0030,PROP-0211,ESC-0091,BAT-0199,FC-0377,Compatible,Long Range FPV
BLD-0169,Racing Build,FRM-0127,MTR-0318,PROP-0130,ESC-0090,BAT-0071,FC-0097,Compatible,Mapping / Survey
BLD-0170,Micro Whoop Build,FRM-0166,MTR-0303,PROP-0158,ESC-0297,BAT-0119,FC-0003,Compatible,Mapping / Survey
BLD-0171,Racing Build,FRM-0316,MTR-0469,PROP-0038,ESC-0187,BAT-0220,FC-0205,Compatible,Mapping / Survey
BLD-0172,3in Cinewhoop Build,FRM-0234,MTR-0246,PROP-0225,ESC-0066,BAT-0138,FC-0163,Compatible,Mapping / Survey
BLD-0173,Micro Whoop Build,FRM-0060,MTR-0068,PROP-0187,ESC-0106,BAT-0181,FC-0321,Compatible,Long Range FPV
BLD-0174,Micro Whoop Build,FRM-0120,MTR-0138,PROP-0118,ESC-0190,BAT-0046,FC-0213,Compatible,Racing FPV
BLD-0175,Mapping UAV Build,FRM-0031,MTR-0441,PROP-0232,ESC-0222,BAT-0085,FC-0170,Compatible,Freestyle FPV
BLD-0176,Agriculture Scout Build,FRM-0256,MTR-0422,PROP-0109,ESC-0069,BAT-0201,FC-0161,Compatible,Racing FPV
BLD-0177,Agriculture Scout Build,FRM-0056,MTR-0358,PROP-0109,ESC-0296,BAT-0099,FC-0047,Compatible,Mapping / Survey
BLD-0178,Agriculture Scout Build,FRM-0036,MTR-0478,PROP-0037,ESC-0059,BAT-0250,FC-0171,Compatible,Long Range FPV
BLD-0179,5in Freestyle Build,FRM-0468,MTR-0441,PROP-0024,ESC-0153,BAT-0093,FC-0242,Compatible,Freestyle FPV
BLD-0180,Mapping UAV Build,FRM-0117,MTR-0465,PROP-0009,ESC-0191,BAT-0143,FC-0041,Compatible,Long Range FPV
BLD-0181,Racing Build,FRM-0295,MTR-0126,PROP-0195,ESC-0083,BAT-0115,FC-0236,Compatible,Mapping / Survey
BLD-0182,Agriculture Scout Build,FRM-0188,MTR-0058,PROP-0174,ESC-0148,BAT-0078,FC-0178,Compatible,Long Range FPV
BLD-0183,7in Long Range Build,FRM-0097,MTR-0371,PROP-0263,ESC-0216,BAT-0245,FC-0325,Compatible,Long Range FPV
BLD-0184,Agriculture Scout Build,FRM-0395,MTR-0499,PROP-0054,ESC-0209,BAT-0136,FC-0257,Compatible,Racing FPV
BLD-0185,Racing Build,FRM-0183,MTR-0123,PROP-0086,ESC-0179,BAT-0169,FC-0237,Compatible,Agriculture Monitoring
BLD-0186,Agriculture Scout Build,FRM-0210,MTR-0339,PROP-0183,ESC-0124,BAT-0076,FC-0018,Compatible,Agriculture Monitoring
BLD-0187,7in Long Range Build,FRM-0490,MTR-0491,PROP-0101,ESC-0127,BAT-0231,FC-0125,Compatible,Agriculture Monitoring
BLD-0188,Mapping UAV Build,FRM-0307,MTR-0274,PROP-0241,ESC-0026,BAT-0006,FC-0298,Compatible,Mapping / Survey
BLD-0189,5in Freestyle Build,FRM-0034,MTR-0392,PROP-0232,ESC-0022,BAT-0245,FC-0249,Compatible,Mapping / Survey
BLD-0190,7in Long Range Build,FRM-0439,MTR-0358,PROP-0089,ESC-0040,BAT-0187,FC-0097,Compatible,Cinematic FPV
BLD-0191,3in Cinewhoop Build,FRM-0104,MTR-0104,PROP-0035,ESC-0015,BAT-0037,FC-0059,Compatible,Cinematic FPV
BLD-0192,Agriculture Scout Build,FRM-0215,MTR-0463,PROP-0298,ESC-0088,BAT-0093,FC-0165,Compatible,Long Range FPV
BLD-0193,5in Freestyle Build,FRM-0195,MTR-0403,PROP-0024,ESC-0013,BAT-0026,FC-0294,Compatible,Long Range FPV
BLD-0194,5in Freestyle Build,FRM-0148,MTR-0322,PROP-0098,ESC-0281,BAT-0011,FC-0204,Compatible,Freestyle FPV
BLD-0195,Racing Build,FRM-0202,MTR-0117,PROP-0188,ESC-0160,BAT-0147,FC-0368,Compatible,Cinematic FPV
BLD-0196,Mapping UAV Build,FRM-0420,MTR-0410,PROP-0271,ESC-0075,BAT-0024,FC-0289,Compatible,Racing FPV
BLD-0197,5in Freestyle Build,FRM-0286,MTR-0303,PROP-0120,ESC-0102,BAT-0269,FC-0236,Compatible,Mapping / Survey
BLD-0198,Racing Build,FRM-0011,MTR-0164,PROP-0285,ESC-0127,BAT-0078,FC-0191,Compatible,Agriculture Monitoring
BLD-0199,Racing Build,FRM-0108,MTR-0361,PROP-0224,ESC-0126,BAT-0149,FC-0233,Compatible,Agriculture Monitoring
BLD-0200,3in Cinewhoop Build,FRM-0480,MTR-0115,PROP-0165,ESC-0267,BAT-0228,FC-0093,Compatible,Freestyle FPV
BLD-0201,3in Cinewhoop Build,FRM-0038,MTR-0059,PROP-0062,ESC-0232,BAT-0233,FC-0103,Compatible,Cinematic FPV
BLD-0202,Mapping UAV Build,FRM-0065,MTR-0443,PROP-0067,ESC-0238,BAT-0069,FC-0269,Compatible,Mapping / Survey
BLD-0203,7in Long Range Build,FRM-0049,MTR-0140,PROP-0036,ESC-0226,BAT-0239,FC-0105,Compatible,Mapping / Survey
BLD-0204,Agriculture Scout Build,FRM-0387,MTR-0350,PROP-0271,ESC-0114,BAT-0224,FC-0111,Compatible,Mapping / Survey
BLD-0205,Mapping UAV Build,FRM-0064,MTR-0334,PROP-0081,ESC-0205,BAT-0165,FC-0098,Compatible,Long Range FPV
BLD-0206,Micro Whoop Build,FRM-0304,MTR-0016,PROP-0271,ESC-0151,BAT-0042,FC-0281,Compatible,Mapping / Survey
BLD-0207,Mapping UAV Build,FRM-0274,MTR-0126,PROP-0105,ESC-0049,BAT-0067,FC-0269,Compatible,Racing FPV
BLD-0208,Racing Build,FRM-0374,MTR-0150,PROP-0175,ESC-0221,BAT-0177,FC-0223,Compatible,Agriculture Monitoring
BLD-0209,7in Long Range Build,FRM-0277,MTR-0151,PROP-0184,ESC-0158,BAT-0045,FC-0042,Compatible,Racing FPV
BLD-0210,Micro Whoop Build,FRM-0112,MTR-0226,PROP-0107,ESC-0179,BAT-0104,FC-0208,Compatible,Mapping / Survey
BLD-0211,5in Freestyle Build,FRM-0260,MTR-0397,PROP-0290,ESC-0240,BAT-0149,FC-0263,Compatible,Freestyle FPV
BLD-0212,Mapping UAV Build,FRM-0324,MTR-0208,PROP-0098,ESC-0039,BAT-0264,FC-0180,Compatible,Mapping / Survey
BLD-0213,3in Cinewhoop Build,FRM-0205,MTR-0327,PROP-0196,ESC-0185,BAT-0282,FC-0335,Compatible,Long Range FPV
BLD-0214,Mapping UAV Build,FRM-0014,MTR-0475,PROP-0286,ESC-0044,BAT-0292,FC-0056,Compatible,Freestyle FPV
BLD-0215,Racing Build,FRM-0167,MTR-0348,PROP-0038,ESC-0226,BAT-0282,FC-0138,Compatible,Agriculture Monitoring
BLD-0216,3in Cinewhoop Build,FRM-0334,MTR-0392,PROP-0247,ESC-0005,BAT-0177,FC-0182,Compatible,Mapping / Survey
BLD-0217,Micro Whoop Build,FRM-0257,MTR-0259,PROP-0277,ESC-0274,BAT-0183,FC-0092,Compatible,Long Range FPV
BLD-0218,3in Cinewhoop Build,FRM-0065,MTR-0251,PROP-0154,ESC-0077,BAT-0051,FC-0144,Compatible,Mapping / Survey
BLD-0219,Micro Whoop Build,FRM-0250,MTR-0453,PROP-0116,ESC-0298,BAT-0225,FC-0254,Compatible,Racing FPV
BLD-0220,Agriculture Scout Build,FRM-0408,MTR-0480,PROP-0215,ESC-0015,BAT-0020,FC-0189,Compatible,Racing FPV
BLD-0221,Micro Whoop Build,FRM-0167,MTR-0421,PROP-0147,ESC-0079,BAT-0102,FC-0204,Compatible,Agriculture Monitoring
BLD-0222,Agriculture Scout Build,FRM-0486,MTR-0166,PROP-0258,ESC-0012,BAT-0195,FC-0006,Compatible,Freestyle FPV
BLD-0223,Agriculture Scout Build,FRM-0152,MTR-0337,PROP-0117,ESC-0274,BAT-0090,FC-0058,Compatible,Mapping / Survey
BLD-0224,Agriculture Scout Build,FRM-0198,MTR-0389,PROP-0290,ESC-0263,BAT-0097,FC-0218,Compatible,Long Range FPV
BLD-0225,Micro Whoop Build,FRM-0270,MTR-0058,PROP-0138,ESC-0110,BAT-0127,FC-0096,Compatible,Long Range FPV
BLD-0226,5in Freestyle Build,FRM-0161,MTR-0482,PROP-0057,ESC-0157,BAT-0214,FC-0222,Compatible,Racing FPV
BLD-0227,Mapping UAV Build,FRM-0297,MTR-0085,PROP-0152,ESC-0084,BAT-0262,FC-0153,Compatible,Racing FPV
BLD-0228,3in Cinewhoop Build,FRM-0422,MTR-0378,PROP-0266,ESC-0071,BAT-0192,FC-0224,Compatible,Racing FPV
BLD-0229,Agriculture Scout Build,FRM-0068,MTR-0333,PROP-0081,ESC-0069,BAT-0253,FC-0283,Compatible,Mapping / Survey
BLD-0230,5in Freestyle Build,FRM-0061,MTR-0143,PROP-0035,ESC-0025,BAT-0003,FC-0327,Compatible,Freestyle FPV
BLD-0231,7in Long Range Build,FRM-0340,MTR-0264,PROP-0139,ESC-0190,BAT-0107,FC-0023,Compatible,Mapping / Survey
BLD-0232,Agriculture Scout Build,FRM-0477,MTR-0462,PROP-0193,ESC-0262,BAT-0057,FC-0290,Compatible,Mapping / Survey
BLD-0233,3in Cinewhoop Build,FRM-0050,MTR-0296,PROP-0227,ESC-0187,BAT-0078,FC-0095,Compatible,Freestyle FPV
BLD-0234,Racing Build,FRM-0270,MTR-0111,PROP-0234,ESC-0179,BAT-0115,FC-0242,Compatible,Agriculture Monitoring
BLD-0235,7in Long Range Build,FRM-0301,MTR-0304,PROP-0101,ESC-0287,BAT-0293,FC-0166,Compatible,Mapping / Survey
BLD-0236,7in Long Range Build,FRM-0483,MTR-0271,PROP-0242,ESC-0067,BAT-0241,FC-0023,Compatible,Agriculture Monitoring
BLD-0237,7in Long Range Build,FRM-0434,MTR-0195,PROP-0028,ESC-0052,BAT-0133,FC-0354,Compatible,Mapping / Survey
BLD-0238,5in Freestyle Build,FRM-0269,MTR-0378,PROP-0261,ESC-0217,BAT-0060,FC-0217,Compatible,Long Range FPV
BLD-0239,3in Cinewhoop Build,FRM-0075,MTR-0244,PROP-0010,ESC-0208,BAT-0263,FC-0345,Compatible,Racing FPV
BLD-0240,Racing Build,FRM-0421,MTR-0002,PROP-0020,ESC-0010,BAT-0262,FC-0315,Compatible,Agriculture Monitoring
BLD-0241,Agriculture Scout Build,FRM-0497,MTR-0238,PROP-0264,ESC-0194,BAT-0081,FC-0207,Compatible,Agriculture Monitoring
BLD-0242,Racing Build,FRM-0400,MTR-0420,PROP-0146,ESC-0060,BAT-0124,FC-0334,Compatible,Freestyle FPV
BLD-0243,3in Cinewhoop Build,FRM-0274,MTR-0190,PROP-0073,ESC-0223,BAT-0163,FC-0258,Compatible,Cinematic FPV
BLD-0244,3in Cinewhoop Build,FRM-0116,MTR-0305,PROP-0240,ESC-0146,BAT-0207,FC-0168,Compatible,Racing FPV
BLD-0245,Racing Build,FRM-0017,MTR-0241,PROP-0221,ESC-0155,BAT-0262,FC-0171,Compatible,Freestyle FPV
BLD-0246,Racing Build,FRM-0345,MTR-0494,PROP-0209,ESC-0099,BAT-0287,FC-0081,Compatible,Mapping / Survey
BLD-0247,7in Long Range Build,FRM-0078,MTR-0156,PROP-0176,ESC-0269,BAT-0170,FC-0049,Compatible,Racing FPV
BLD-0248,Micro Whoop Build,FRM-0111,MTR-0373,PROP-0194,ESC-0140,BAT-0028,FC-0005,Compatible,Mapping / Survey
BLD-0249,Racing Build,FRM-0359,MTR-0458,PROP-0247,ESC-0168,BAT-0087,FC-0300,Compatible,Freestyle FPV
BLD-0250,Agriculture Scout Build,FRM-0212,MTR-0344,PROP-0024,ESC-0117,BAT-0032,FC-0037,Compatible,Long Range FPV
BLD-0251,Agriculture Scout Build,FRM-0446,MTR-0207,PROP-0118,ESC-0269,BAT-0245,FC-0276,Compatible,Mapping / Survey
BLD-0252,Mapping UAV Build,FRM-0125,MTR-0090,PROP-0018,ESC-0249,BAT-0140,FC-0086,Compatible,Freestyle FPV
BLD-0253,Agriculture Scout Build,FRM-0212,MTR-0284,PROP-0207,ESC-0172,BAT-0047,FC-0061,Compatible,Mapping / Survey
BLD-0254,Micro Whoop Build,FRM-0470,MTR-0137,PROP-0298,ESC-0084,BAT-0110,FC-0345,Compatible,Racing FPV
BLD-0255,Agriculture Scout Build,FRM-0431,MTR-0498,PROP-0106,ESC-0152,BAT-0180,FC-0013,Compatible,Cinematic FPV
BLD-0256,3in Cinewhoop Build,FRM-0494,MTR-0060,PROP-0156,ESC-0168,BAT-0006,FC-0009,Compatible,Freestyle FPV
BLD-0257,7in Long Range Build,FRM-0111,MTR-0148,PROP-0079,ESC-0008,BAT-0249,FC-0160,Compatible,Agriculture Monitoring
BLD-0258,Mapping UAV Build,FRM-0299,MTR-0198,PROP-0139,ESC-0241,BAT-0245,FC-0240,Compatible,Mapping / Survey
BLD-0259,Agriculture Scout Build,FRM-0430,MTR-0059,PROP-0118,ESC-0092,BAT-0263,FC-0358,Compatible,Mapping / Survey
BLD-0260,Mapping UAV Build,FRM-0200,MTR-0275,PROP-0093,ESC-0256,BAT-0289,FC-0097,Compatible,Long Range FPV
BLD-0261,5in Freestyle Build,FRM-0205,MTR-0406,PROP-0205,ESC-0212,BAT-0152,FC-0195,Compatible,Racing FPV
BLD-0262,3in Cinewhoop Build,FRM-0045,MTR-0169,PROP-0050,ESC-0171,BAT-0069,FC-0036,Compatible,Racing FPV
BLD-0263,Mapping UAV Build,FRM-0142,MTR-0125,PROP-0272,ESC-0237,BAT-0247,FC-0235,Compatible,Mapping / Survey
BLD-0264,Agriculture Scout Build,FRM-0276,MTR-0237,PROP-0090,ESC-0293,BAT-0202,FC-0038,Compatible,Cinematic FPV
BLD-0265,Micro Whoop Build,FRM-0068,MTR-0413,PROP-0200,ESC-0151,BAT-0048,FC-0190,Compatible,Long Range FPV
BLD-0266,Racing Build,FRM-0107,MTR-0141,PROP-0063,ESC-0279,BAT-0236,FC-0260,Compatible,Cinematic FPV
BLD-0267,Micro Whoop Build,FRM-0217,MTR-0237,PROP-0106,ESC-0221,BAT-0107,FC-0243,Compatible,Long Range FPV
BLD-0268,7in Long Range Build,FRM-0341,MTR-0015,PROP-0149,ESC-0239,BAT-0139,FC-0267,Compatible,Freestyle FPV
BLD-0269,7in Long Range Build,FRM-0161,MTR-0153,PROP-0022,ESC-0192,BAT-0093,FC-0365,Compatible,Mapping / Survey
BLD-0270,Racing Build,FRM-0124,MTR-0167,PROP-0240,ESC-0086,BAT-0065,FC-0218,Compatible,Racing FPV
BLD-0271,Mapping UAV Build,FRM-0020,MTR-0149,PROP-0127,ESC-0146,BAT-0060,FC-0043,Compatible,Long Range FPV
BLD-0272,5in Freestyle Build,FRM-0204,MTR-0116,PROP-0090,ESC-0294,BAT-0283,FC-0009,Compatible,Agriculture Monitoring
BLD-0273,3in Cinewhoop Build,FRM-0033,MTR-0409,PROP-0245,ESC-0236,BAT-0012,FC-0227,Compatible,Freestyle FPV
BLD-0274,7in Long Range Build,FRM-0428,MTR-0132,PROP-0169,ESC-0133,BAT-0223,FC-0143,Compatible,Agriculture Monitoring
BLD-0275,Racing Build,FRM-0144,MTR-0006,PROP-0221,ESC-0159,BAT-0285,FC-0083,Compatible,Mapping / Survey
BLD-0276,Agriculture Scout Build,FRM-0031,MTR-0023,PROP-0006,ESC-0121,BAT-0282,FC-0312,Compatible,Freestyle FPV
BLD-0277,Racing Build,FRM-0092,MTR-0103,PROP-0219,ESC-0185,BAT-0248,FC-0027,Compatible,Freestyle FPV
BLD-0278,Racing Build,FRM-0298,MTR-0005,PROP-0300,ESC-0106,BAT-0244,FC-0346,Compatible,Cinematic FPV
BLD-0279,3in Cinewhoop Build,FRM-0176,MTR-0409,PROP-0002,ESC-0023,BAT-0061,FC-0338,Compatible,Cinematic FPV
BLD-0280,Agriculture Scout Build,FRM-0224,MTR-0176,PROP-0031,ESC-0182,BAT-0065,FC-0194,Compatible,Cinematic FPV
BLD-0281,3in Cinewhoop Build,FRM-0459,MTR-0020,PROP-0070,ESC-0037,BAT-0215,FC-0307,Compatible,Racing FPV
BLD-0282,Agriculture Scout Build,FRM-0217,MTR-0324,PROP-0244,ESC-0261,BAT-0101,FC-0095,Compatible,Racing FPV
BLD-0283,Mapping UAV Build,FRM-0176,MTR-0092,PROP-0097,ESC-0203,BAT-0110,FC-0177,Compatible,Freestyle FPV
BLD-0284,Racing Build,FRM-0457,MTR-0469,PROP-0041,ESC-0273,BAT-0007,FC-0134,Compatible,Long Range FPV
BLD-0285,Agriculture Scout Build,FRM-0449,MTR-0001,PROP-0009,ESC-0255,BAT-0196,FC-0303,Compatible,Racing FPV
BLD-0286,7in Long Range Build,FRM-0253,MTR-0487,PROP-0107,ESC-0067,BAT-0034,FC-0137,Compatible,Racing FPV
BLD-0287,Mapping UAV Build,FRM-0147,MTR-0336,PROP-0119,ESC-0246,BAT-0093,FC-0128,Compatible,Freestyle FPV
BLD-0288,Racing Build,FRM-0024,MTR-0267,PROP-0191,ESC-0247,BAT-0028,FC-0162,Compatible,Long Range FPV
BLD-0289,Racing Build,FRM-0402,MTR-0222,PROP-0076,ESC-0223,BAT-0144,FC-0331,Compatible,Racing FPV
BLD-0290,3in Cinewhoop Build,FRM-0470,MTR-0160,PROP-0190,ESC-0048,BAT-0273,FC-0283,Compatible,Agriculture Monitoring
BLD-0291,Agriculture Scout Build,FRM-0220,MTR-0452,PROP-0223,ESC-0257,BAT-0146,FC-0314,Compatible,Long Range FPV
BLD-0292,7in Long Range Build,FRM-0018,MTR-0431,PROP-0154,ESC-0029,BAT-0063,FC-0061,Compatible,Freestyle FPV
BLD-0293,7in Long Range Build,FRM-0326,MTR-0315,PROP-0250,ESC-0100,BAT-0032,FC-0253,Compatible,Freestyle FPV
BLD-0294,Racing Build,FRM-0387,MTR-0283,PROP-0271,ESC-0295,BAT-0038,FC-0149,Compatible,Cinematic FPV
BLD-0295,3in Cinewhoop Build,FRM-0216,MTR-0500,PROP-0170,ESC-0097,BAT-0182,FC-0351,Compatible,Racing FPV
BLD-0296,7in Long Range Build,FRM-0078,MTR-0403,PROP-0053,ESC-0012,BAT-0181,FC-0367,Compatible,Freestyle FPV
BLD-0297,5in Freestyle Build,FRM-0064,MTR-0478,PROP-0178,ESC-0202,BAT-0102,FC-0361,Compatible,Mapping / Survey
BLD-0298,5in Freestyle Build,FRM-0224,MTR-0238,PROP-0083,ESC-0212,BAT-0182,FC-0214,Compatible,Long Range FPV
BLD-0299,7in Long Range Build,FRM-0472,MTR-0230,PROP-0260,ESC-0114,BAT-0058,FC-0219,Compatible,Racing FPV
BLD-0300,7in Long Range Build,FRM-0206,MTR-0045,PROP-0175,ESC-0272,BAT-0038,FC-0262,Compatible,Agriculture Monitoring
BLD-0301,5in Freestyle Build,FRM-0339,MTR-0167,PROP-0068,ESC-0179,BAT-0261,FC-0150,Compatible,Racing FPV
BLD-0302,Agriculture Scout Build,FRM-0023,MTR-0298,PROP-0160,ESC-0242,BAT-0138,FC-0357,Compatible,Cinematic FPV
BLD-0303,7in Long Range Build,FRM-0171,MTR-0070,PROP-0228,ESC-0226,BAT-0198,FC-0260,Compatible,Racing FPV
BLD-0304,3in Cinewhoop Build,FRM-0389,MTR-0415,PROP-0114,ESC-0100,BAT-0129,FC-0090,Compatible,Cinematic FPV
BLD-0305,Micro Whoop Build,FRM-0205,MTR-0053,PROP-0054,ESC-0241,BAT-0180,FC-0022,Compatible,Mapping / Survey
BLD-0306,Mapping UAV Build,FRM-0353,MTR-0319,PROP-0173,ESC-0097,BAT-0125,FC-0045,Compatible,Freestyle FPV
BLD-0307,Micro Whoop Build,FRM-0141,MTR-0414,PROP-0051,ESC-0238,BAT-0076,FC-0122,Compatible,Freestyle FPV
BLD-0308,7in Long Range Build,FRM-0013,MTR-0490,PROP-0211,ESC-0159,BAT-0112,FC-0379,Compatible,Long Range FPV
BLD-0309,3in Cinewhoop Build,FRM-0489,MTR-0499,PROP-0002,ESC-0253,BAT-0021,FC-0275,Compatible,Long Range FPV
BLD-0310,Micro Whoop Build,FRM-0106,MTR-0366,PROP-0051,ESC-0281,BAT-0040,FC-0177,Compatible,Freestyle FPV
BLD-0311,7in Long Range Build,FRM-0140,MTR-0143,PROP-0128,ESC-0044,BAT-0276,FC-0034,Compatible,Mapping / Survey
BLD-0312,Racing Build,FRM-0231,MTR-0480,PROP-0089,ESC-0226,BAT-0072,FC-0102,Compatible,Freestyle FPV
BLD-0313,7in Long Range Build,FRM-0018,MTR-0082,PROP-0269,ESC-0201,BAT-0035,FC-0372,Compatible,Agriculture Monitoring
BLD-0314,Micro Whoop Build,FRM-0190,MTR-0018,PROP-0153,ESC-0035,BAT-0097,FC-0162,Compatible,Racing FPV
BLD-0315,Mapping UAV Build,FRM-0145,MTR-0152,PROP-0227,ESC-0019,BAT-0238,FC-0289,Compatible,Racing FPV
BLD-0316,Mapping UAV Build,FRM-0220,MTR-0097,PROP-0299,ESC-0121,BAT-0013,FC-0243,Compatible,Agriculture Monitoring
BLD-0317,Agriculture Scout Build,FRM-0243,MTR-0155,PROP-0212,ESC-0008,BAT-0139,FC-0139,Compatible,Agriculture Monitoring
BLD-0318,Agriculture Scout Build,FRM-0339,MTR-0144,PROP-0286,ESC-0199,BAT-0110,FC-0054,Compatible,Racing FPV
BLD-0319,7in Long Range Build,FRM-0174,MTR-0448,PROP-0266,ESC-0055,BAT-0073,FC-0332,Compatible,Mapping / Survey
BLD-0320,Agriculture Scout Build,FRM-0403,MTR-0268,PROP-0047,ESC-0028,BAT-0208,FC-0114,Compatible,Long Range FPV
BLD-0321,Racing Build,FRM-0389,MTR-0465,PROP-0087,ESC-0134,BAT-0209,FC-0322,Compatible,Mapping / Survey
BLD-0322,5in Freestyle Build,FRM-0252,MTR-0206,PROP-0057,ESC-0089,BAT-0184,FC-0077,Compatible,Cinematic FPV
BLD-0323,3in Cinewhoop Build,FRM-0323,MTR-0415,PROP-0084,ESC-0162,BAT-0181,FC-0342,Compatible,Long Range FPV
BLD-0324,Racing Build,FRM-0457,MTR-0328,PROP-0017,ESC-0175,BAT-0118,FC-0334,Compatible,Mapping / Survey
BLD-0325,Mapping UAV Build,FRM-0422,MTR-0188,PROP-0062,ESC-0074,BAT-0162,FC-0352,Compatible,Long Range FPV
BLD-0326,Racing Build,FRM-0072,MTR-0491,PROP-0030,ESC-0186,BAT-0151,FC-0365,Compatible,Racing FPV
BLD-0327,3in Cinewhoop Build,FRM-0358,MTR-0018,PROP-0069,ESC-0150,BAT-0221,FC-0020,Compatible,Racing FPV
BLD-0328,5in Freestyle Build,FRM-0372,MTR-0337,PROP-0214,ESC-0148,BAT-0023,FC-0239,Compatible,Racing FPV
BLD-0329,Mapping UAV Build,FRM-0221,MTR-0236,PROP-0098,ESC-0176,BAT-0107,FC-0209,Compatible,Long Range FPV
BLD-0330,7in Long Range Build,FRM-0467,MTR-0001,PROP-0216,ESC-0239,BAT-0133,FC-0212,Compatible,Freestyle FPV
BLD-0331,Mapping UAV Build,FRM-0318,MTR-0396,PROP-0256,ESC-0092,BAT-0254,FC-0020,Compatible,Freestyle FPV
BLD-0332,Racing Build,FRM-0372,MTR-0284,PROP-0236,ESC-0043,BAT-0038,FC-0299,Compatible,Cinematic FPV
BLD-0333,5in Freestyle Build,FRM-0095,MTR-0134,PROP-0258,ESC-0201,BAT-0135,FC-0047,Compatible,Agriculture Monitoring
BLD-0334,7in Long Range Build,FRM-0173,MTR-0315,PROP-0146,ESC-0093,BAT-0004,FC-0337,Compatible,Mapping / Survey
BLD-0335,Agriculture Scout Build,FRM-0120,MTR-0085,PROP-0164,ESC-0134,BAT-0170,FC-0372,Compatible,Cinematic FPV
BLD-0336,Micro Whoop Build,FRM-0375,MTR-0343,PROP-0080,ESC-0127,BAT-0200,FC-0139,Compatible,Freestyle FPV
BLD-0337,Agriculture Scout Build,FRM-0297,MTR-0165,PROP-0075,ESC-0098,BAT-0050,FC-0379,Compatible,Agriculture Monitoring
BLD-0338,Mapping UAV Build,FRM-0419,MTR-0048,PROP-0239,ESC-0278,BAT-0100,FC-0324,Compatible,Racing FPV
BLD-0339,Racing Build,FRM-0371,MTR-0243,PROP-0029,ESC-0299,BAT-0184,FC-0085,Compatible,Cinematic FPV
BLD-0340,7in Long Range Build,FRM-0071,MTR-0433,PROP-0086,ESC-0218,BAT-0010,FC-0239,Compatible,Agriculture Monitoring
BLD-0341,Micro Whoop Build,FRM-0019,MTR-0252,PROP-0292,ESC-0002,BAT-0031,FC-0333,Compatible,Cinematic FPV
BLD-0342,Racing Build,FRM-0166,MTR-0492,PROP-0086,ESC-0088,BAT-0140,FC-0182,Compatible,Racing FPV
BLD-0343,3in Cinewhoop Build,FRM-0006,MTR-0176,PROP-0173,ESC-0145,BAT-0299,FC-0288,Compatible,Mapping / Survey
BLD-0344,Mapping UAV Build,FRM-0060,MTR-0201,PROP-0108,ESC-0029,BAT-0118,FC-0288,Compatible,Racing FPV
BLD-0345,3in Cinewhoop Build,FRM-0255,MTR-0401,PROP-0106,ESC-0009,BAT-0155,FC-0288,Compatible,Mapping / Survey
BLD-0346,Racing Build,FRM-0476,MTR-0063,PROP-0036,ESC-0067,BAT-0278,FC-0306,Compatible,Racing FPV
BLD-0347,3in Cinewhoop Build,FRM-0024,MTR-0414,PROP-0209,ESC-0085,BAT-0069,FC-0230,Compatible,Mapping / Survey
BLD-0348,Racing Build,FRM-0422,MTR-0415,PROP-0219,ESC-0251,BAT-0048,FC-0050,Compatible,Long Range FPV
BLD-0349,5in Freestyle Build,FRM-0286,MTR-0117,PROP-0265,ESC-0081,BAT-0019,FC-0040,Compatible,Cinematic FPV
BLD-0350,Mapping UAV Build,FRM-0263,MTR-0366,PROP-0044,ESC-0257,BAT-0247,FC-0342,Compatible,Long Range FPV
BLD-0351,3in Cinewhoop Build,FRM-0289,MTR-0423,PROP-0235,ESC-0098,BAT-0016,FC-0341,Compatible,Cinematic FPV
BLD-0352,Mapping UAV Build,FRM-0313,MTR-0280,PROP-0279,ESC-0122,BAT-0047,FC-0104,Compatible,Agriculture Monitoring
BLD-0353,5in Freestyle Build,FRM-0183,MTR-0303,PROP-0279,ESC-0161,BAT-0146,FC-0296,Compatible,Freestyle FPV
BLD-0354,3in Cinewhoop Build,FRM-0162,MTR-0483,PROP-0125,ESC-0149,BAT-0074,FC-0321,Compatible,Mapping / Survey
BLD-0355,7in Long Range Build,FRM-0392,MTR-0230,PROP-0071,ESC-0274,BAT-0161,FC-0183,Compatible,Racing FPV
BLD-0356,5in Freestyle Build,FRM-0361,MTR-0142,PROP-0170,ESC-0135,BAT-0280,FC-0043,Compatible,Agriculture Monitoring
BLD-0357,7in Long Range Build,FRM-0457,MTR-0066,PROP-0051,ESC-0222,BAT-0229,FC-0044,Compatible,Long Range FPV
BLD-0358,Agriculture Scout Build,FRM-0486,MTR-0105,PROP-0051,ESC-0104,BAT-0018,FC-0129,Compatible,Freestyle FPV
BLD-0359,Micro Whoop Build,FRM-0437,MTR-0400,PROP-0004,ESC-0122,BAT-0251,FC-0367,Compatible,Agriculture Monitoring
BLD-0360,Micro Whoop Build,FRM-0480,MTR-0081,PROP-0228,ESC-0054,BAT-0245,FC-0092,Compatible,Long Range FPV
BLD-0361,Agriculture Scout Build,FRM-0371,MTR-0401,PROP-0137,ESC-0299,BAT-0119,FC-0039,Compatible,Mapping / Survey
BLD-0362,3in Cinewhoop Build,FRM-0319,MTR-0236,PROP-0274,ESC-0078,BAT-0242,FC-0301,Compatible,Mapping / Survey
BLD-0363,7in Long Range Build,FRM-0129,MTR-0109,PROP-0150,ESC-0286,BAT-0026,FC-0025,Compatible,Racing FPV
BLD-0364,Micro Whoop Build,FRM-0321,MTR-0390,PROP-0018,ESC-0057,BAT-0008,FC-0307,Compatible,Cinematic FPV
BLD-0365,Agriculture Scout Build,FRM-0129,MTR-0150,PROP-0252,ESC-0085,BAT-0193,FC-0047,Compatible,Freestyle FPV
BLD-0366,3in Cinewhoop Build,FRM-0383,MTR-0161,PROP-0283,ESC-0229,BAT-0240,FC-0334,Compatible,Cinematic FPV
BLD-0367,Agriculture Scout Build,FRM-0058,MTR-0138,PROP-0249,ESC-0071,BAT-0097,FC-0111,Compatible,Racing FPV
BLD-0368,Racing Build,FRM-0411,MTR-0130,PROP-0003,ESC-0291,BAT-0210,FC-0183,Compatible,Mapping / Survey
BLD-0369,Micro Whoop Build,FRM-0066,MTR-0304,PROP-0160,ESC-0099,BAT-0097,FC-0023,Compatible,Cinematic FPV
BLD-0370,7in Long Range Build,FRM-0233,MTR-0333,PROP-0148,ESC-0105,BAT-0177,FC-0097,Compatible,Mapping / Survey
BLD-0371,Micro Whoop Build,FRM-0393,MTR-0252,PROP-0109,ESC-0206,BAT-0145,FC-0140,Compatible,Freestyle FPV
BLD-0372,3in Cinewhoop Build,FRM-0141,MTR-0127,PROP-0089,ESC-0163,BAT-0067,FC-0186,Compatible,Mapping / Survey
BLD-0373,3in Cinewhoop Build,FRM-0019,MTR-0440,PROP-0191,ESC-0238,BAT-0288,FC-0272,Compatible,Racing FPV
BLD-0374,3in Cinewhoop Build,FRM-0322,MTR-0443,PROP-0218,ESC-0099,BAT-0135,FC-0306,Compatible,Racing FPV
BLD-0375,Racing Build,FRM-0476,MTR-0392,PROP-0001,ESC-0179,BAT-0131,FC-0008,Compatible,Agriculture Monitoring
BLD-0376,Micro Whoop Build,FRM-0061,MTR-0392,PROP-0130,ESC-0280,BAT-0083,FC-0220,Compatible,Cinematic FPV
BLD-0377,5in Freestyle Build,FRM-0030,MTR-0110,PROP-0146,ESC-0076,BAT-0151,FC-0281,Compatible,Agriculture Monitoring
BLD-0378,7in Long Range Build,FRM-0189,MTR-0496,PROP-0073,ESC-0280,BAT-0111,FC-0327,Compatible,Racing FPV
BLD-0379,7in Long Range Build,FRM-0129,MTR-0477,PROP-0006,ESC-0250,BAT-0279,FC-0050,Compatible,Long Range FPV
BLD-0380,7in Long Range Build,FRM-0350,MTR-0016,PROP-0045,ESC-0172,BAT-0140,FC-0340,Compatible,Mapping / Survey
BLD-0381,5in Freestyle Build,FRM-0137,MTR-0456,PROP-0286,ESC-0025,BAT-0179,FC-0034,Compatible,Agriculture Monitoring
BLD-0382,Agriculture Scout Build,FRM-0449,MTR-0297,PROP-0068,ESC-0007,BAT-0225,FC-0120,Compatible,Agriculture Monitoring
BLD-0383,Racing Build,FRM-0254,MTR-0233,PROP-0182,ESC-0008,BAT-0168,FC-0084,Compatible,Mapping / Survey
BLD-0384,Micro Whoop Build,FRM-0310,MTR-0195,PROP-0001,ESC-0150,BAT-0183,FC-0224,Compatible,Cinematic FPV
BLD-0385,Micro Whoop Build,FRM-0237,MTR-0362,PROP-0061,ESC-0006,BAT-0110,FC-0211,Compatible,Freestyle FPV
BLD-0386,Mapping UAV Build,FRM-0073,MTR-0085,PROP-0268,ESC-0005,BAT-0066,FC-0249,Compatible,Racing FPV
BLD-0387,Racing Build,FRM-0259,MTR-0189,PROP-0144,ESC-0046,BAT-0112,FC-0252,Compatible,Agriculture Monitoring
BLD-0388,5in Freestyle Build,FRM-0201,MTR-0076,PROP-0012,ESC-0034,BAT-0169,FC-0237,Compatible,Agriculture Monitoring
BLD-0389,3in Cinewhoop Build,FRM-0089,MTR-0336,PROP-0286,ESC-0274,BAT-0005,FC-0016,Compatible,Racing FPV
BLD-0390,5in Freestyle Build,FRM-0174,MTR-0116,PROP-0100,ESC-0158,BAT-0140,FC-0143,Compatible,Freestyle FPV
BLD-0391,7in Long Range Build,FRM-0383,MTR-0147,PROP-0256,ESC-0097,BAT-0038,FC-0180,Compatible,Cinematic FPV
BLD-0392,3in Cinewhoop Build,FRM-0336,MTR-0130,PROP-0248,ESC-0010,BAT-0119,FC-0005,Compatible,Racing FPV
BLD-0393,3in Cinewhoop Build,FRM-0294,MTR-0386,PROP-0194,ESC-0170,BAT-0205,FC-0192,Compatible,Freestyle FPV
BLD-0394,Micro Whoop Build,FRM-0276,MTR-0321,PROP-0071,ESC-0070,BAT-0036,FC-0036,Compatible,Racing FPV
BLD-0395,Micro Whoop Build,FRM-0445,MTR-0254,PROP-0135,ESC-0086,BAT-0191,FC-0329,Compatible,Cinematic FPV
BLD-0396,Racing Build,FRM-0170,MTR-0194,PROP-0207,ESC-0084,BAT-0140,FC-0074,Compatible,Mapping / Survey
BLD-0397,Agriculture Scout Build,FRM-0274,MTR-0272,PROP-0045,ESC-0257,BAT-0281,FC-0020,Compatible,Cinematic FPV
BLD-0398,Micro Whoop Build,FRM-0031,MTR-0495,PROP-0172,ESC-0080,BAT-0039,FC-0245,Compatible,Freestyle FPV
BLD-0399,Racing Build,FRM-0413,MTR-0475,PROP-0250,ESC-0082,BAT-0065,FC-0061,Compatible,Agriculture Monitoring
BLD-0400,Racing Build,FRM-0362,MTR-0445,PROP-0008,ESC-0088,BAT-0129,FC-0298,Compatible,Agriculture Monitoring
BLD-0401,7in Long Range Build,FRM-0344,MTR-0070,PROP-0197,ESC-0091,BAT-0121,FC-0277,Compatible,Long Range FPV
BLD-0402,Agriculture Scout Build,FRM-0276,MTR-0488,PROP-0006,ESC-0085,BAT-0287,FC-0278,Compatible,Long Range FPV
BLD-0403,Mapping UAV Build,FRM-0350,MTR-0450,PROP-0295,ESC-0288,BAT-0040,FC-0064,Compatible,Long Range FPV
BLD-0404,Mapping UAV Build,FRM-0183,MTR-0231,PROP-0023,ESC-0160,BAT-0162,FC-0364,Compatible,Racing FPV
BLD-0405,Agriculture Scout Build,FRM-0157,MTR-0108,PROP-0148,ESC-0205,BAT-0128,FC-0313,Compatible,Agriculture Monitoring
BLD-0406,Racing Build,FRM-0281,MTR-0445,PROP-0192,ESC-0036,BAT-0086,FC-0071,Compatible,Mapping / Survey
BLD-0407,3in Cinewhoop Build,FRM-0208,MTR-0010,PROP-0277,ESC-0071,BAT-0119,FC-0242,Compatible,Racing FPV
BLD-0408,Agriculture Scout Build,FRM-0358,MTR-0494,PROP-0080,ESC-0214,BAT-0197,FC-0149,Compatible,Cinematic FPV
BLD-0409,Micro Whoop Build,FRM-0129,MTR-0220,PROP-0276,ESC-0114,BAT-0001,FC-0192,Compatible,Long Range FPV
BLD-0410,3in Cinewhoop Build,FRM-0367,MTR-0316,PROP-0190,ESC-0007,BAT-0226,FC-0065,Compatible,Agriculture Monitoring
BLD-0411,Micro Whoop Build,FRM-0044,MTR-0259,PROP-0059,ESC-0131,BAT-0022,FC-0326,Compatible,Freestyle FPV
BLD-0412,Agriculture Scout Build,FRM-0347,MTR-0473,PROP-0186,ESC-0235,BAT-0042,FC-0173,Compatible,Cinematic FPV
BLD-0413,Agriculture Scout Build,FRM-0175,MTR-0361,PROP-0114,ESC-0152,BAT-0022,FC-0222,Compatible,Mapping / Survey
BLD-0414,Racing Build,FRM-0440,MTR-0472,PROP-0148,ESC-0248,BAT-0142,FC-0093,Compatible,Agriculture Monitoring
BLD-0415,3in Cinewhoop Build,FRM-0253,MTR-0493,PROP-0262,ESC-0232,BAT-0253,FC-0140,Compatible,Cinematic FPV
BLD-0416,7in Long Range Build,FRM-0459,MTR-0418,PROP-0286,ESC-0186,BAT-0168,FC-0264,Compatible,Freestyle FPV
BLD-0417,3in Cinewhoop Build,FRM-0305,MTR-0337,PROP-0024,ESC-0110,BAT-0174,FC-0053,Compatible,Freestyle FPV
BLD-0418,3in Cinewhoop Build,FRM-0051,MTR-0497,PROP-0171,ESC-0288,BAT-0277,FC-0050,Compatible,Cinematic FPV
BLD-0419,3in Cinewhoop Build,FRM-0500,MTR-0231,PROP-0066,ESC-0193,BAT-0132,FC-0195,Compatible,Cinematic FPV
BLD-0420,Mapping UAV Build,FRM-0032,MTR-0404,PROP-0111,ESC-0009,BAT-0075,FC-0360,Compatible,Racing FPV
BLD-0421,5in Freestyle Build,FRM-0105,MTR-0237,PROP-0034,ESC-0014,BAT-0264,FC-0314,Compatible,Cinematic FPV
BLD-0422,Agriculture Scout Build,FRM-0438,MTR-0424,PROP-0168,ESC-0229,BAT-0156,FC-0173,Compatible,Freestyle FPV
BLD-0423,5in Freestyle Build,FRM-0264,MTR-0193,PROP-0149,ESC-0127,BAT-0130,FC-0136,Compatible,Cinematic FPV
BLD-0424,Racing Build,FRM-0339,MTR-0145,PROP-0122,ESC-0153,BAT-0219,FC-0112,Compatible,Agriculture Monitoring
BLD-0425,Micro Whoop Build,FRM-0453,MTR-0419,PROP-0184,ESC-0140,BAT-0113,FC-0023,Compatible,Agriculture Monitoring
BLD-0426,3in Cinewhoop Build,FRM-0405,MTR-0014,PROP-0088,ESC-0286,BAT-0189,FC-0363,Compatible,Long Range FPV
BLD-0427,Racing Build,FRM-0298,MTR-0124,PROP-0044,ESC-0016,BAT-0096,FC-0295,Compatible,Long Range FPV
BLD-0428,7in Long Range Build,FRM-0155,MTR-0043,PROP-0010,ESC-0039,BAT-0098,FC-0367,Compatible,Racing FPV
BLD-0429,Mapping UAV Build,FRM-0349,MTR-0060,PROP-0257,ESC-0039,BAT-0183,FC-0142,Compatible,Freestyle FPV
BLD-0430,7in Long Range Build,FRM-0049,MTR-0227,PROP-0229,ESC-0179,BAT-0142,FC-0254,Compatible,Cinematic FPV
BLD-0431,3in Cinewhoop Build,FRM-0334,MTR-0289,PROP-0273,ESC-0166,BAT-0033,FC-0160,Compatible,Long Range FPV
BLD-0432,Mapping UAV Build,FRM-0442,MTR-0102,PROP-0172,ESC-0007,BAT-0076,FC-0029,Compatible,Cinematic FPV
BLD-0433,5in Freestyle Build,FRM-0309,MTR-0212,PROP-0063,ESC-0201,BAT-0068,FC-0357,Compatible,Long Range FPV
BLD-0434,Micro Whoop Build,FRM-0069,MTR-0256,PROP-0075,ESC-0278,BAT-0208,FC-0107,Compatible,Cinematic FPV
BLD-0435,Agriculture Scout Build,FRM-0122,MTR-0445,PROP-0046,ESC-0053,BAT-0027,FC-0328,Compatible,Cinematic FPV
BLD-0436,Agriculture Scout Build,FRM-0318,MTR-0455,PROP-0272,ESC-0155,BAT-0140,FC-0174,Compatible,Racing FPV
BLD-0437,7in Long Range Build,FRM-0115,MTR-0292,PROP-0289,ESC-0239,BAT-0128,FC-0293,Compatible,Long Range FPV
BLD-0438,7in Long Range Build,FRM-0472,MTR-0047,PROP-0300,ESC-0132,BAT-0120,FC-0210,Compatible,Mapping / Survey
BLD-0439,Agriculture Scout Build,FRM-0293,MTR-0359,PROP-0146,ESC-0291,BAT-0184,FC-0121,Compatible,Freestyle FPV
BLD-0440,7in Long Range Build,FRM-0448,MTR-0004,PROP-0044,ESC-0015,BAT-0281,FC-0036,Compatible,Cinematic FPV
BLD-0441,3in Cinewhoop Build,FRM-0267,MTR-0160,PROP-0004,ESC-0235,BAT-0220,FC-0149,Compatible,Racing FPV
BLD-0442,Micro Whoop Build,FRM-0437,MTR-0218,PROP-0092,ESC-0048,BAT-0163,FC-0091,Compatible,Freestyle FPV
BLD-0443,Agriculture Scout Build,FRM-0262,MTR-0443,PROP-0145,ESC-0132,BAT-0284,FC-0066,Compatible,Racing FPV
BLD-0444,Mapping UAV Build,FRM-0031,MTR-0205,PROP-0235,ESC-0221,BAT-0041,FC-0298,Compatible,Racing FPV
BLD-0445,Racing Build,FRM-0156,MTR-0416,PROP-0029,ESC-0264,BAT-0129,FC-0369,Compatible,Cinematic FPV
BLD-0446,Micro Whoop Build,FRM-0059,MTR-0238,PROP-0106,ESC-0162,BAT-0267,FC-0289,Compatible,Agriculture Monitoring
BLD-0447,Mapping UAV Build,FRM-0408,MTR-0341,PROP-0151,ESC-0024,BAT-0051,FC-0121,Compatible,Freestyle FPV
BLD-0448,Micro Whoop Build,FRM-0192,MTR-0095,PROP-0049,ESC-0143,BAT-0172,FC-0208,Compatible,Racing FPV
BLD-0449,Racing Build,FRM-0050,MTR-0051,PROP-0272,ESC-0094,BAT-0018,FC-0214,Compatible,Racing FPV
BLD-0450,Agriculture Scout Build,FRM-0044,MTR-0102,PROP-0236,ESC-0241,BAT-0147,FC-0041,Compatible,Cinematic FPV
BLD-0451,Micro Whoop Build,FRM-0437,MTR-0020,PROP-0235,ESC-0215,BAT-0133,FC-0055,Compatible,Mapping / Survey
BLD-0452,Agriculture Scout Build,FRM-0325,MTR-0463,PROP-0181,ESC-0252,BAT-0212,FC-0002,Compatible,Freestyle FPV
BLD-0453,Mapping UAV Build,FRM-0158,MTR-0477,PROP-0123,ESC-0067,BAT-0048,FC-0372,Compatible,Freestyle FPV
BLD-0454,Mapping UAV Build,FRM-0470,MTR-0135,PROP-0245,ESC-0133,BAT-0203,FC-0228,Compatible,Mapping / Survey
BLD-0455,5in Freestyle Build,FRM-0253,MTR-0414,PROP-0020,ESC-0104,BAT-0049,FC-0111,Compatible,Long Range FPV
BLD-0456,Agriculture Scout Build,FRM-0262,MTR-0191,PROP-0184,ESC-0065,BAT-0271,FC-0049,Compatible,Mapping / Survey
BLD-0457,3in Cinewhoop Build,FRM-0028,MTR-0338,PROP-0293,ESC-0123,BAT-0223,FC-0124,Compatible,Racing FPV
BLD-0458,Agriculture Scout Build,FRM-0322,MTR-0348,PROP-0231,ESC-0163,BAT-0097,FC-0066,Compatible,Cinematic FPV
BLD-0459,Mapping UAV Build,FRM-0051,MTR-0315,PROP-0006,ESC-0044,BAT-0047,FC-0313,Compatible,Agriculture Monitoring
BLD-0460,Mapping UAV Build,FRM-0025,MTR-0296,PROP-0295,ESC-0014,BAT-0007,FC-0315,Compatible,Racing FPV
BLD-0461,Agriculture Scout Build,FRM-0290,MTR-0075,PROP-0120,ESC-0107,BAT-0016,FC-0255,Compatible,Cinematic FPV
BLD-0462,Agriculture Scout Build,FRM-0474,MTR-0381,PROP-0295,ESC-0025,BAT-0131,FC-0375,Compatible,Agriculture Monitoring
BLD-0463,5in Freestyle Build,FRM-0168,MTR-0409,PROP-0026,ESC-0045,BAT-0131,FC-0199,Compatible,Long Range FPV
BLD-0464,Micro Whoop Build,FRM-0493,MTR-0388,PROP-0285,ESC-0191,BAT-0182,FC-0327,Compatible,Agriculture Monitoring
BLD-0465,Micro Whoop Build,FRM-0180,MTR-0081,PROP-0031,ESC-0137,BAT-0020,FC-0071,Compatible,Long Range FPV
BLD-0466,Agriculture Scout Build,FRM-0352,MTR-0355,PROP-0178,ESC-0041,BAT-0078,FC-0045,Compatible,Mapping / Survey
BLD-0467,Mapping UAV Build,FRM-0019,MTR-0190,PROP-0234,ESC-0171,BAT-0154,FC-0350,Compatible,Racing FPV
BLD-0468,5in Freestyle Build,FRM-0185,MTR-0351,PROP-0222,ESC-0006,BAT-0093,FC-0209,Compatible,Mapping / Survey
BLD-0469,Racing Build,FRM-0147,MTR-0487,PROP-0042,ESC-0082,BAT-0279,FC-0025,Compatible,Racing FPV
BLD-0470,Micro Whoop Build,FRM-0171,MTR-0215,PROP-0287,ESC-0286,BAT-0053,FC-0356,Compatible,Freestyle FPV
BLD-0471,Micro Whoop Build,FRM-0153,MTR-0097,PROP-0060,ESC-0067,BAT-0163,FC-0130,Compatible,Freestyle FPV
BLD-0472,7in Long Range Build,FRM-0348,MTR-0494,PROP-0086,ESC-0035,BAT-0298,FC-0357,Compatible,Cinematic FPV
BLD-0473,Racing Build,FRM-0320,MTR-0391,PROP-0093,ESC-0173,BAT-0295,FC-0221,Compatible,Long Range FPV
BLD-0474,5in Freestyle Build,FRM-0493,MTR-0413,PROP-0259,ESC-0199,BAT-0244,FC-0113,Compatible,Mapping / Survey
BLD-0475,5in Freestyle Build,FRM-0275,MTR-0375,PROP-0020,ESC-0211,BAT-0168,FC-0186,Compatible,Cinematic FPV
BLD-0476,5in Freestyle Build,FRM-0301,MTR-0082,PROP-0279,ESC-0196,BAT-0277,FC-0227,Compatible,Freestyle FPV
BLD-0477,7in Long Range Build,FRM-0259,MTR-0028,PROP-0006,ESC-0053,BAT-0035,FC-0317,Compatible,Agriculture Monitoring
BLD-0478,3in Cinewhoop Build,FRM-0023,MTR-0277,PROP-0117,ESC-0300,BAT-0124,FC-0249,Compatible,Cinematic FPV
BLD-0479,Racing Build,FRM-0282,MTR-0419,PROP-0269,ESC-0118,BAT-0224,FC-0231,Compatible,Long Range FPV
BLD-0480,Racing Build,FRM-0270,MTR-0314,PROP-0155,ESC-0009,BAT-0243,FC-0111,Compatible,Agriculture Monitoring
BLD-0481,3in Cinewhoop Build,FRM-0356,MTR-0232,PROP-0032,ESC-0237,BAT-0166,FC-0176,Compatible,Mapping / Survey
BLD-0482,Micro Whoop Build,FRM-0317,MTR-0229,PROP-0221,ESC-0103,BAT-0001,FC-0089,Compatible,Racing FPV
BLD-0483,Agriculture Scout Build,FRM-0118,MTR-0098,PROP-0219,ESC-0240,BAT-0107,FC-0241,Compatible,Freestyle FPV
BLD-0484,Agriculture Scout Build,FRM-0486,MTR-0137,PROP-0288,ESC-0298,BAT-0198,FC-0057,Compatible,Racing FPV
BLD-0485,Agriculture Scout Build,FRM-0129,MTR-0127,PROP-0281,ESC-0118,BAT-0282,FC-0014,Compatible,Long Range FPV
BLD-0486,3in Cinewhoop Build,FRM-0303,MTR-0497,PROP-0111,ESC-0110,BAT-0142,FC-0155,Compatible,Long Range FPV
BLD-0487,Micro Whoop Build,FRM-0274,MTR-0494,PROP-0296,ESC-0117,BAT-0055,FC-0155,Compatible,Long Range FPV
BLD-0488,Agriculture Scout Build,FRM-0141,MTR-0348,PROP-0201,ESC-0047,BAT-0167,FC-0142,Compatible,Agriculture Monitoring
BLD-0489,5in Freestyle Build,FRM-0062,MTR-0200,PROP-0118,ESC-0192,BAT-0045,FC-0226,Compatible,Cinematic FPV
BLD-0490,Mapping UAV Build,FRM-0148,MTR-0133,PROP-0286,ESC-0207,BAT-0293,FC-0273,Compatible,Agriculture Monitoring
BLD-0491,Mapping UAV Build,FRM-0094,MTR-0261,PROP-0106,ESC-0267,BAT-0039,FC-0319,Compatible,Long Range FPV
BLD-0492,Mapping UAV Build,FRM-0497,MTR-0222,PROP-0253,ESC-0011,BAT-0147,FC-0084,Compatible,Long Range FPV
BLD-0493,Racing Build,FRM-0408,MTR-0194,PROP-0135,ESC-0222,BAT-0254,FC-0065,Compatible,Freestyle FPV
BLD-0494,Agriculture Scout Build,FRM-0156,MTR-0035,PROP-0033,ESC-0068,BAT-0189,FC-0012,Compatible,Mapping / Survey
BLD-0495,5in Freestyle Build,FRM-0408,MTR-0040,PROP-0022,ESC-0001,BAT-0138,FC-0002,Compatible,Freestyle FPV
BLD-0496,Mapping UAV Build,FRM-0232,MTR-0167,PROP-0220,ESC-0095,BAT-0266,FC-0143,Compatible,Freestyle FPV
BLD-0497,5in Freestyle Build,FRM-0389,MTR-0424,PROP-0093,ESC-0157,BAT-0213,FC-0264,Compatible,Cinematic FPV
BLD-0498,Racing Build,FRM-0258,MTR-0243,PROP-0032,ESC-0068,BAT-0179,FC-0303,Compatible,Cinematic FPV
BLD-0499,5in Freestyle Build,FRM-0040,MTR-0378,PROP-0131,ESC-0101,BAT-0240,FC-0376,Compatible,Cinematic FPV
BLD-0500,5in Freestyle Build,FRM-0101,MTR-0201,PROP-0201,ESC-0083,BAT-0121,FC-0301,Compatible,Agriculture Monitoring
BLD-0501,3in Cinewhoop Build,FRM-0442,MTR-0467,PROP-0167,ESC-0123,BAT-0101,FC-0229,Compatible,Freestyle FPV
BLD-0502,Racing Build,FRM-0210,MTR-0141,PROP-0178,ESC-0208,BAT-0226,FC-0366,Compatible,Agriculture Monitoring
BLD-0503,Racing Build,FRM-0362,MTR-0413,PROP-0141,ESC-0292,BAT-0172,FC-0245,Compatible,Cinematic FPV
BLD-0504,7in Long Range Build,FRM-0108,MTR-0055,PROP-0009,ESC-0012,BAT-0250,FC-0095,Compatible,Cinematic FPV
BLD-0505,Mapping UAV Build,FRM-0463,MTR-0447,PROP-0018,ESC-0129,BAT-0241,FC-0166,Compatible,Long Range FPV
BLD-0506,Agriculture Scout Build,FRM-0451,MTR-0178,PROP-0294,ESC-0104,BAT-0176,FC-0135,Compatible,Freestyle FPV
BLD-0507,Racing Build,FRM-0355,MTR-0173,PROP-0233,ESC-0047,BAT-0180,FC-0287,Compatible,Agriculture Monitoring
BLD-0508,Micro Whoop Build,FRM-0148,MTR-0320,PROP-0055,ESC-0287,BAT-0158,FC-0260,Compatible,Freestyle FPV
BLD-0509,Agriculture Scout Build,FRM-0490,MTR-0173,PROP-0180,ESC-0294,BAT-0012,FC-0149,Compatible,Cinematic FPV
BLD-0510,Racing Build,FRM-0453,MTR-0370,PROP-0018,ESC-0174,BAT-0295,FC-0146,Compatible,Long Range FPV
BLD-0511,7in Long Range Build,FRM-0081,MTR-0292,PROP-0272,ESC-0086,BAT-0117,FC-0042,Compatible,Freestyle FPV
BLD-0512,3in Cinewhoop Build,FRM-0138,MTR-0072,PROP-0071,ESC-0177,BAT-0101,FC-0172,Compatible,Long Range FPV
BLD-0513,7in Long Range Build,FRM-0376,MTR-0113,PROP-0279,ESC-0029,BAT-0083,FC-0097,Compatible,Agriculture Monitoring
BLD-0514,3in Cinewhoop Build,FRM-0379,MTR-0234,PROP-0081,ESC-0272,BAT-0025,FC-0351,Compatible,Freestyle FPV
BLD-0515,Mapping UAV Build,FRM-0408,MTR-0367,PROP-0056,ESC-0256,BAT-0147,FC-0167,Compatible,Racing FPV
BLD-0516,Mapping UAV Build,FRM-0341,MTR-0119,PROP-0018,ESC-0008,BAT-0182,FC-0123,Compatible,Agriculture Monitoring
BLD-0517,5in Freestyle Build,FRM-0062,MTR-0192,PROP-0040,ESC-0290,BAT-0277,FC-0268,Compatible,Cinematic FPV
BLD-0518,Racing Build,FRM-0353,MTR-0328,PROP-0101,ESC-0208,BAT-0243,FC-0135,Compatible,Mapping / Survey
BLD-0519,Mapping UAV Build,FRM-0121,MTR-0135,PROP-0167,ESC-0214,BAT-0234,FC-0141,Compatible,Long Range FPV
BLD-0520,5in Freestyle Build,FRM-0105,MTR-0464,PROP-0203,ESC-0162,BAT-0211,FC-0368,Compatible,Cinematic FPV
BLD-0521,Micro Whoop Build,FRM-0347,MTR-0273,PROP-0059,ESC-0005,BAT-0115,FC-0216,Compatible,Mapping / Survey
BLD-0522,Racing Build,FRM-0478,MTR-0393,PROP-0042,ESC-0037,BAT-0109,FC-0002,Compatible,Mapping / Survey
BLD-0523,Racing Build,FRM-0379,MTR-0172,PROP-0214,ESC-0086,BAT-0147,FC-0221,Compatible,Long Range FPV
BLD-0524,3in Cinewhoop Build,FRM-0254,MTR-0376,PROP-0260,ESC-0265,BAT-0073,FC-0154,Compatible,Agriculture Monitoring
BLD-0525,5in Freestyle Build,FRM-0491,MTR-0150,PROP-0170,ESC-0280,BAT-0057,FC-0363,Compatible,Freestyle FPV
BLD-0526,Racing Build,FRM-0326,MTR-0461,PROP-0165,ESC-0221,BAT-0224,FC-0268,Compatible,Long Range FPV
BLD-0527,3in Cinewhoop Build,FRM-0484,MTR-0320,PROP-0298,ESC-0192,BAT-0067,FC-0240,Compatible,Agriculture Monitoring
BLD-0528,Agriculture Scout Build,FRM-0057,MTR-0221,PROP-0153,ESC-0288,BAT-0180,FC-0131,Compatible,Agriculture Monitoring
BLD-0529,7in Long Range Build,FRM-0070,MTR-0175,PROP-0091,ESC-0143,BAT-0034,FC-0324,Compatible,Long Range FPV
BLD-0530,5in Freestyle Build,FRM-0251,MTR-0268,PROP-0026,ESC-0261,BAT-0250,FC-0343,Compatible,Mapping / Survey
BLD-0531,3in Cinewhoop Build,FRM-0397,MTR-0393,PROP-0095,ESC-0014,BAT-0075,FC-0135,Compatible,Racing FPV
BLD-0532,Agriculture Scout Build,FRM-0271,MTR-0270,PROP-0286,ESC-0118,BAT-0041,FC-0027,Compatible,Racing FPV
BLD-0533,5in Freestyle Build,FRM-0221,MTR-0206,PROP-0230,ESC-0215,BAT-0285,FC-0023,Compatible,Cinematic FPV
BLD-0534,Micro Whoop Build,FRM-0089,MTR-0040,PROP-0033,ESC-0218,BAT-0139,FC-0081,Compatible,Cinematic FPV
BLD-0535,Micro Whoop Build,FRM-0049,MTR-0350,PROP-0297,ESC-0001,BAT-0168,FC-0083,Compatible,Agriculture Monitoring
BLD-0536,7in Long Range Build,FRM-0293,MTR-0098,PROP-0018,ESC-0267,BAT-0156,FC-0165,Compatible,Long Range FPV
BLD-0537,Agriculture Scout Build,FRM-0356,MTR-0146,PROP-0064,ESC-0049,BAT-0165,FC-0324,Compatible,Long Range FPV
BLD-0538,5in Freestyle Build,FRM-0392,MTR-0260,PROP-0068,ESC-0059,BAT-0093,FC-0031,Compatible,Racing FPV
BLD-0539,Racing Build,FRM-0335,MTR-0057,PROP-0194,ESC-0069,BAT-0162,FC-0001,Compatible,Freestyle FPV
BLD-0540,Mapping UAV Build,FRM-0097,MTR-0225,PROP-0026,ESC-0280,BAT-0272,FC-0252,Compatible,Agriculture Monitoring
BLD-0541,3in Cinewhoop Build,FRM-0329,MTR-0236,PROP-0060,ESC-0120,BAT-0197,FC-0081,Compatible,Racing FPV
BLD-0542,7in Long Range Build,FRM-0165,MTR-0061,PROP-0207,ESC-0208,BAT-0061,FC-0290,Compatible,Racing FPV
BLD-0543,Agriculture Scout Build,FRM-0407,MTR-0222,PROP-0087,ESC-0110,BAT-0275,FC-0211,Compatible,Long Range FPV
BLD-0544,Racing Build,FRM-0313,MTR-0352,PROP-0035,ESC-0034,BAT-0247,FC-0356,Compatible,Cinematic FPV
BLD-0545,Micro Whoop Build,FRM-0400,MTR-0064,PROP-0055,ESC-0108,BAT-0153,FC-0178,Compatible,Mapping / Survey
BLD-0546,3in Cinewhoop Build,FRM-0004,MTR-0450,PROP-0029,ESC-0016,BAT-0010,FC-0125,Compatible,Mapping / Survey
BLD-0547,Racing Build,FRM-0352,MTR-0073,PROP-0294,ESC-0111,BAT-0187,FC-0006,Compatible,Mapping / Survey
BLD-0548,Mapping UAV Build,FRM-0349,MTR-0302,PROP-0161,ESC-0110,BAT-0168,FC-0032,Compatible,Cinematic FPV
BLD-0549,3in Cinewhoop Build,FRM-0358,MTR-0143,PROP-0260,ESC-0018,BAT-0234,FC-0371,Compatible,Long Range FPV
BLD-0550,3in Cinewhoop Build,FRM-0219,MTR-0372,PROP-0050,ESC-0298,BAT-0121,FC-0355,Compatible,Racing FPV
BLD-0551,5in Freestyle Build,FRM-0021,MTR-0476,PROP-0166,ESC-0205,BAT-0064,FC-0041,Compatible,Long Range FPV
BLD-0552,Racing Build,FRM-0109,MTR-0078,PROP-0170,ESC-0206,BAT-0047,FC-0358,Compatible,Freestyle FPV
BLD-0553,Racing Build,FRM-0499,MTR-0272,PROP-0143,ESC-0121,BAT-0258,FC-0183,Compatible,Cinematic FPV
BLD-0554,Racing Build,FRM-0418,MTR-0066,PROP-0212,ESC-0162,BAT-0034,FC-0091,Compatible,Freestyle FPV
BLD-0555,7in Long Range Build,FRM-0326,MTR-0413,PROP-0217,ESC-0034,BAT-0086,FC-0056,Compatible,Freestyle FPV
BLD-0556,Micro Whoop Build,FRM-0005,MTR-0153,PROP-0271,ESC-0281,BAT-0206,FC-0001,Compatible,Mapping / Survey
BLD-0557,7in Long Range Build,FRM-0212,MTR-0484,PROP-0128,ESC-0295,BAT-0137,FC-0320,Compatible,Mapping / Survey
BLD-0558,Micro Whoop Build,FRM-0078,MTR-0351,PROP-0128,ESC-0181,BAT-0068,FC-0305,Compatible,Racing FPV
BLD-0559,5in Freestyle Build,FRM-0471,MTR-0055,PROP-0297,ESC-0042,BAT-0128,FC-0131,Compatible,Cinematic FPV
BLD-0560,Agriculture Scout Build,FRM-0402,MTR-0036,PROP-0114,ESC-0284,BAT-0159,FC-0074,Compatible,Freestyle FPV
BLD-0561,3in Cinewhoop Build,FRM-0161,MTR-0109,PROP-0136,ESC-0289,BAT-0035,FC-0093,Compatible,Cinematic FPV
BLD-0562,Agriculture Scout Build,FRM-0311,MTR-0106,PROP-0126,ESC-0243,BAT-0298,FC-0104,Compatible,Cinematic FPV
BLD-0563,3in Cinewhoop Build,FRM-0467,MTR-0374,PROP-0186,ESC-0064,BAT-0092,FC-0106,Compatible,Long Range FPV
BLD-0564,5in Freestyle Build,FRM-0154,MTR-0271,PROP-0109,ESC-0164,BAT-0167,FC-0238,Compatible,Cinematic FPV
BLD-0565,7in Long Range Build,FRM-0014,MTR-0155,PROP-0294,ESC-0154,BAT-0097,FC-0342,Compatible,Cinematic FPV
BLD-0566,Micro Whoop Build,FRM-0363,MTR-0372,PROP-0005,ESC-0215,BAT-0031,FC-0207,Compatible,Mapping / Survey
BLD-0567,Racing Build,FRM-0425,MTR-0017,PROP-0277,ESC-0045,BAT-0255,FC-0115,Compatible,Racing FPV
BLD-0568,7in Long Range Build,FRM-0203,MTR-0452,PROP-0257,ESC-0147,BAT-0098,FC-0167,Compatible,Cinematic FPV
BLD-0569,Micro Whoop Build,FRM-0090,MTR-0202,PROP-0198,ESC-0201,BAT-0093,FC-0358,Compatible,Cinematic FPV
BLD-0570,3in Cinewhoop Build,FRM-0250,MTR-0275,PROP-0206,ESC-0108,BAT-0156,FC-0001,Compatible,Mapping / Survey
BLD-0571,Micro Whoop Build,FRM-0065,MTR-0498,PROP-0028,ESC-0148,BAT-0108,FC-0314,Compatible,Racing FPV
BLD-0572,Agriculture Scout Build,FRM-0222,MTR-0368,PROP-0075,ESC-0208,BAT-0052,FC-0165,Compatible,Long Range FPV
BLD-0573,Mapping UAV Build,FRM-0201,MTR-0028,PROP-0048,ESC-0188,BAT-0081,FC-0123,Compatible,Mapping / Survey
BLD-0574,7in Long Range Build,FRM-0038,MTR-0280,PROP-0200,ESC-0285,BAT-0030,FC-0042,Compatible,Long Range FPV
BLD-0575,3in Cinewhoop Build,FRM-0156,MTR-0282,PROP-0274,ESC-0174,BAT-0189,FC-0204,Compatible,Freestyle FPV
BLD-0576,Racing Build,FRM-0062,MTR-0371,PROP-0212,ESC-0112,BAT-0061,FC-0099,Compatible,Cinematic FPV
BLD-0577,Agriculture Scout Build,FRM-0046,MTR-0326,PROP-0067,ESC-0227,BAT-0005,FC-0125,Compatible,Agriculture Monitoring
BLD-0578,Racing Build,FRM-0066,MTR-0088,PROP-0022,ESC-0043,BAT-0182,FC-0252,Compatible,Agriculture Monitoring
BLD-0579,Agriculture Scout Build,FRM-0374,MTR-0183,PROP-0283,ESC-0037,BAT-0142,FC-0367,Compatible,Long Range FPV
BLD-0580,7in Long Range Build,FRM-0023,MTR-0016,PROP-0054,ESC-0246,BAT-0242,FC-0328,Compatible,Racing FPV
BLD-0581,7in Long Range Build,FRM-0427,MTR-0232,PROP-0136,ESC-0122,BAT-0025,FC-0113,Compatible,Long Range FPV
BLD-0582,3in Cinewhoop Build,FRM-0199,MTR-0001,PROP-0261,ESC-0205,BAT-0018,FC-0181,Compatible,Racing FPV
BLD-0583,Mapping UAV Build,FRM-0226,MTR-0204,PROP-0109,ESC-0272,BAT-0035,FC-0134,Compatible,Long Range FPV
BLD-0584,5in Freestyle Build,FRM-0376,MTR-0180,PROP-0207,ESC-0255,BAT-0237,FC-0288,Compatible,Mapping / Survey
BLD-0585,Racing Build,FRM-0385,MTR-0125,PROP-0058,ESC-0076,BAT-0283,FC-0175,Compatible,Cinematic FPV
BLD-0586,Micro Whoop Build,FRM-0114,MTR-0025,PROP-0141,ESC-0014,BAT-0082,FC-0137,Compatible,Freestyle FPV
BLD-0587,3in Cinewhoop Build,FRM-0370,MTR-0060,PROP-0271,ESC-0153,BAT-0009,FC-0340,Compatible,Freestyle FPV
BLD-0588,Agriculture Scout Build,FRM-0450,MTR-0063,PROP-0026,ESC-0185,BAT-0236,FC-0319,Compatible,Cinematic FPV
BLD-0589,Agriculture Scout Build,FRM-0167,MTR-0118,PROP-0130,ESC-0252,BAT-0125,FC-0199,Compatible,Mapping / Survey
BLD-0590,Micro Whoop Build,FRM-0381,MTR-0042,PROP-0077,ESC-0082,BAT-0149,FC-0031,Compatible,Long Range FPV
BLD-0591,Racing Build,FRM-0173,MTR-0427,PROP-0195,ESC-0226,BAT-0283,FC-0050,Compatible,Agriculture Monitoring
BLD-0592,Micro Whoop Build,FRM-0471,MTR-0072,PROP-0249,ESC-0292,BAT-0140,FC-0045,Compatible,Freestyle FPV
BLD-0593,Racing Build,FRM-0349,MTR-0059,PROP-0239,ESC-0067,BAT-0242,FC-0247,Compatible,Freestyle FPV
BLD-0594,5in Freestyle Build,FRM-0438,MTR-0186,PROP-0127,ESC-0063,BAT-0215,FC-0343,Compatible,Cinematic FPV
BLD-0595,3in Cinewhoop Build,FRM-0195,MTR-0037,PROP-0289,ESC-0291,BAT-0243,FC-0098,Compatible,Freestyle FPV
BLD-0596,Racing Build,FRM-0296,MTR-0454,PROP-0244,ESC-0034,BAT-0030,FC-0187,Compatible,Long Range FPV
BLD-0597,Micro Whoop Build,FRM-0361,MTR-0469,PROP-0135,ESC-0129,BAT-0158,FC-0232,Compatible,Racing FPV
BLD-0598,Micro Whoop Build,FRM-0109,MTR-0386,PROP-0211,ESC-0258,BAT-0196,FC-0190,Compatible,Cinematic FPV
BLD-0599,3in Cinewhoop Build,FRM-0093,MTR-0456,PROP-0098,ESC-0203,BAT-0068,FC-0238,Compatible,Mapping / Survey
BLD-0600,Agriculture Scout Build,FRM-0164,MTR-0366,PROP-0152,ESC-0103,BAT-0039,FC-0333,Compatible,Long Range FPV
BLD-0601,3in Cinewhoop Build,FRM-0128,MTR-0148,PROP-0145,ESC-0166,BAT-0071,FC-0005,Compatible,Cinematic FPV
BLD-0602,7in Long Range Build,FRM-0414,MTR-0056,PROP-0117,ESC-0142,BAT-0272,FC-0174,Compatible,Racing FPV
BLD-0603,Mapping UAV Build,FRM-0362,MTR-0492,PROP-0125,ESC-0067,BAT-0069,FC-0026,Compatible,Long Range FPV
BLD-0604,3in Cinewhoop Build,FRM-0473,MTR-0110,PROP-0007,ESC-0232,BAT-0182,FC-0209,Compatible,Long Range FPV
BLD-0605,Micro Whoop Build,FRM-0184,MTR-0435,PROP-0042,ESC-0206,BAT-0279,FC-0161,Compatible,Long Range FPV
BLD-0606,3in Cinewhoop Build,FRM-0201,MTR-0139,PROP-0055,ESC-0299,BAT-0141,FC-0121,Compatible,Mapping / Survey
BLD-0607,Micro Whoop Build,FRM-0331,MTR-0350,PROP-0142,ESC-0191,BAT-0028,FC-0160,Compatible,Agriculture Monitoring
BLD-0608,3in Cinewhoop Build,FRM-0203,MTR-0497,PROP-0097,ESC-0220,BAT-0258,FC-0239,Compatible,Long Range FPV
BLD-0609,7in Long Range Build,FRM-0103,MTR-0477,PROP-0094,ESC-0098,BAT-0066,FC-0075,Compatible,Mapping / Survey
BLD-0610,Agriculture Scout Build,FRM-0189,MTR-0449,PROP-0192,ESC-0181,BAT-0238,FC-0297,Compatible,Cinematic FPV
BLD-0611,Mapping UAV Build,FRM-0384,MTR-0368,PROP-0250,ESC-0300,BAT-0255,FC-0061,Compatible,Cinematic FPV
BLD-0612,5in Freestyle Build,FRM-0239,MTR-0487,PROP-0143,ESC-0086,BAT-0234,FC-0163,Compatible,Mapping / Survey
BLD-0613,3in Cinewhoop Build,FRM-0414,MTR-0056,PROP-0029,ESC-0039,BAT-0142,FC-0108,Compatible,Long Range FPV
BLD-0614,Mapping UAV Build,FRM-0422,MTR-0275,PROP-0224,ESC-0227,BAT-0246,FC-0237,Compatible,Cinematic FPV
BLD-0615,Racing Build,FRM-0113,MTR-0040,PROP-0102,ESC-0178,BAT-0179,FC-0374,Compatible,Freestyle FPV
BLD-0616,7in Long Range Build,FRM-0287,MTR-0145,PROP-0152,ESC-0218,BAT-0145,FC-0312,Compatible,Long Range FPV
BLD-0617,Micro Whoop Build,FRM-0202,MTR-0014,PROP-0280,ESC-0166,BAT-0184,FC-0336,Compatible,Long Range FPV
BLD-0618,7in Long Range Build,FRM-0019,MTR-0255,PROP-0182,ESC-0235,BAT-0260,FC-0116,Compatible,Cinematic FPV
BLD-0619,Mapping UAV Build,FRM-0310,MTR-0412,PROP-0272,ESC-0064,BAT-0123,FC-0217,Compatible,Racing FPV
BLD-0620,Micro Whoop Build,FRM-0324,MTR-0091,PROP-0221,ESC-0147,BAT-0097,FC-0070,Compatible,Long Range FPV
BLD-0621,Micro Whoop Build,FRM-0187,MTR-0245,PROP-0099,ESC-0159,BAT-0108,FC-0313,Compatible,Agriculture Monitoring
BLD-0622,3in Cinewhoop Build,FRM-0382,MTR-0021,PROP-0263,ESC-0177,BAT-0229,FC-0092,Compatible,Racing FPV
BLD-0623,Racing Build,FRM-0109,MTR-0230,PROP-0089,ESC-0221,BAT-0095,FC-0162,Compatible,Racing FPV
BLD-0624,5in Freestyle Build,FRM-0478,MTR-0097,PROP-0036,ESC-0036,BAT-0009,FC-0303,Compatible,Long Range FPV
BLD-0625,5in Freestyle Build,FRM-0296,MTR-0171,PROP-0212,ESC-0167,BAT-0189,FC-0178,Compatible,Agriculture Monitoring
BLD-0626,Racing Build,FRM-0150,MTR-0036,PROP-0121,ESC-0133,BAT-0220,FC-0303,Compatible,Long Range FPV
BLD-0627,Agriculture Scout Build,FRM-0150,MTR-0344,PROP-0279,ESC-0241,BAT-0063,FC-0012,Compatible,Long Range FPV
BLD-0628,7in Long Range Build,FRM-0164,MTR-0403,PROP-0176,ESC-0084,BAT-0218,FC-0206,Compatible,Mapping / Survey
BLD-0629,Agriculture Scout Build,FRM-0227,MTR-0370,PROP-0238,ESC-0038,BAT-0296,FC-0149,Compatible,Long Range FPV
BLD-0630,7in Long Range Build,FRM-0056,MTR-0481,PROP-0200,ESC-0213,BAT-0216,FC-0041,Compatible,Racing FPV
BLD-0631,Agriculture Scout Build,FRM-0384,MTR-0438,PROP-0130,ESC-0180,BAT-0179,FC-0015,Compatible,Freestyle FPV
BLD-0632,Micro Whoop Build,FRM-0113,MTR-0005,PROP-0250,ESC-0034,BAT-0070,FC-0353,Compatible,Freestyle FPV
BLD-0633,Racing Build,FRM-0153,MTR-0134,PROP-0231,ESC-0254,BAT-0123,FC-0274,Compatible,Freestyle FPV
BLD-0634,Agriculture Scout Build,FRM-0081,MTR-0348,PROP-0029,ESC-0064,BAT-0204,FC-0003,Compatible,Mapping / Survey
BLD-0635,Micro Whoop Build,FRM-0208,MTR-0458,PROP-0082,ESC-0126,BAT-0225,FC-0276,Compatible,Long Range FPV
BLD-0636,3in Cinewhoop Build,FRM-0302,MTR-0481,PROP-0031,ESC-0121,BAT-0192,FC-0177,Compatible,Racing FPV
BLD-0637,3in Cinewhoop Build,FRM-0069,MTR-0156,PROP-0008,ESC-0071,BAT-0149,FC-0139,Compatible,Racing FPV
BLD-0638,Racing Build,FRM-0267,MTR-0491,PROP-0016,ESC-0214,BAT-0022,FC-0118,Compatible,Agriculture Monitoring
BLD-0639,Mapping UAV Build,FRM-0331,MTR-0087,PROP-0003,ESC-0258,BAT-0280,FC-0184,Compatible,Long Range FPV
BLD-0640,Mapping UAV Build,FRM-0480,MTR-0440,PROP-0228,ESC-0225,BAT-0010,FC-0196,Compatible,Agriculture Monitoring
BLD-0641,7in Long Range Build,FRM-0070,MTR-0035,PROP-0275,ESC-0137,BAT-0086,FC-0026,Compatible,Cinematic FPV
BLD-0642,Mapping UAV Build,FRM-0370,MTR-0230,PROP-0101,ESC-0286,BAT-0075,FC-0178,Compatible,Long Range FPV
BLD-0643,Racing Build,FRM-0088,MTR-0213,PROP-0231,ESC-0136,BAT-0142,FC-0347,Compatible,Cinematic FPV
BLD-0644,Agriculture Scout Build,FRM-0372,MTR-0020,PROP-0216,ESC-0021,BAT-0039,FC-0059,Compatible,Long Range FPV
BLD-0645,3in Cinewhoop Build,FRM-0089,MTR-0150,PROP-0125,ESC-0140,BAT-0291,FC-0341,Compatible,Cinematic FPV
BLD-0646,Agriculture Scout Build,FRM-0025,MTR-0040,PROP-0268,ESC-0158,BAT-0213,FC-0009,Compatible,Long Range FPV
BLD-0647,Micro Whoop Build,FRM-0087,MTR-0290,PROP-0267,ESC-0264,BAT-0234,FC-0254,Compatible,Long Range FPV
BLD-0648,5in Freestyle Build,FRM-0327,MTR-0257,PROP-0058,ESC-0059,BAT-0162,FC-0036,Compatible,Mapping / Survey
BLD-0649,Agriculture Scout Build,FRM-0363,MTR-0307,PROP-0235,ESC-0174,BAT-0270,FC-0130,Compatible,Racing FPV
BLD-0650,Micro Whoop Build,FRM-0210,MTR-0446,PROP-0173,ESC-0081,BAT-0185,FC-0351,Compatible,Freestyle FPV
BLD-0651,Mapping UAV Build,FRM-0399,MTR-0090,PROP-0286,ESC-0229,BAT-0164,FC-0069,Compatible,Agriculture Monitoring
BLD-0652,Mapping UAV Build,FRM-0367,MTR-0333,PROP-0118,ESC-0085,BAT-0217,FC-0162,Compatible,Mapping / Survey
BLD-0653,3in Cinewhoop Build,FRM-0194,MTR-0295,PROP-0161,ESC-0189,BAT-0017,FC-0047,Compatible,Cinematic FPV
BLD-0654,7in Long Range Build,FRM-0322,MTR-0020,PROP-0196,ESC-0264,BAT-0141,FC-0322,Compatible,Racing FPV
BLD-0655,Micro Whoop Build,FRM-0204,MTR-0283,PROP-0189,ESC-0293,BAT-0270,FC-0226,Compatible,Cinematic FPV
BLD-0656,Racing Build,FRM-0298,MTR-0005,PROP-0118,ESC-0231,BAT-0092,FC-0178,Compatible,Long Range FPV
BLD-0657,Agriculture Scout Build,FRM-0177,MTR-0053,PROP-0207,ESC-0128,BAT-0227,FC-0345,Compatible,Cinematic FPV
BLD-0658,Racing Build,FRM-0490,MTR-0306,PROP-0018,ESC-0025,BAT-0188,FC-0084,Compatible,Mapping / Survey
BLD-0659,Racing Build,FRM-0007,MTR-0126,PROP-0088,ESC-0223,BAT-0184,FC-0106,Compatible,Cinematic FPV
BLD-0660,Micro Whoop Build,FRM-0005,MTR-0464,PROP-0009,ESC-0297,BAT-0222,FC-0184,Compatible,Mapping / Survey
BLD-0661,3in Cinewhoop Build,FRM-0340,MTR-0285,PROP-0187,ESC-0252,BAT-0037,FC-0048,Compatible,Mapping / Survey
BLD-0662,3in Cinewhoop Build,FRM-0499,MTR-0330,PROP-0038,ESC-0041,BAT-0246,FC-0293,Compatible,Agriculture Monitoring
BLD-0663,Mapping UAV Build,FRM-0259,MTR-0230,PROP-0029,ESC-0117,BAT-0275,FC-0056,Compatible,Freestyle FPV
BLD-0664,Mapping UAV Build,FRM-0191,MTR-0407,PROP-0282,ESC-0062,BAT-0267,FC-0178,Compatible,Long Range FPV
BLD-0665,5in Freestyle Build,FRM-0214,MTR-0326,PROP-0204,ESC-0247,BAT-0082,FC-0064,Compatible,Mapping / Survey
BLD-0666,3in Cinewhoop Build,FRM-0148,MTR-0342,PROP-0132,ESC-0182,BAT-0200,FC-0159,Compatible,Cinematic FPV
BLD-0667,Mapping UAV Build,FRM-0424,MTR-0220,PROP-0098,ESC-0109,BAT-0039,FC-0378,Compatible,Long Range FPV
BLD-0668,7in Long Range Build,FRM-0372,MTR-0482,PROP-0118,ESC-0041,BAT-0212,FC-0363,Compatible,Freestyle FPV
BLD-0669,7in Long Range Build,FRM-0188,MTR-0232,PROP-0055,ESC-0122,BAT-0115,FC-0012,Compatible,Freestyle FPV
BLD-0670,7in Long Range Build,FRM-0376,MTR-0324,PROP-0297,ESC-0178,BAT-0177,FC-0100,Compatible,Agriculture Monitoring
BLD-0671,Agriculture Scout Build,FRM-0286,MTR-0465,PROP-0241,ESC-0224,BAT-0112,FC-0093,Compatible,Cinematic FPV
BLD-0672,5in Freestyle Build,FRM-0157,MTR-0333,PROP-0230,ESC-0062,BAT-0293,FC-0130,Compatible,Agriculture Monitoring
BLD-0673,Racing Build,FRM-0302,MTR-0294,PROP-0086,ESC-0026,BAT-0010,FC-0319,Compatible,Mapping / Survey
BLD-0674,Micro Whoop Build,FRM-0119,MTR-0355,PROP-0127,ESC-0114,BAT-0120,FC-0017,Compatible,Long Range FPV
BLD-0675,3in Cinewhoop Build,FRM-0082,MTR-0022,PROP-0228,ESC-0281,BAT-0278,FC-0044,Compatible,Freestyle FPV
BLD-0676,Racing Build,FRM-0087,MTR-0443,PROP-0169,ESC-0001,BAT-0120,FC-0179,Compatible,Cinematic FPV
BLD-0677,5in Freestyle Build,FRM-0205,MTR-0352,PROP-0043,ESC-0044,BAT-0078,FC-0356,Compatible,Freestyle FPV
BLD-0678,Agriculture Scout Build,FRM-0121,MTR-0078,PROP-0197,ESC-0062,BAT-0211,FC-0083,Compatible,Agriculture Monitoring
BLD-0679,Mapping UAV Build,FRM-0481,MTR-0351,PROP-0036,ESC-0069,BAT-0006,FC-0195,Compatible,Mapping / Survey
BLD-0680,7in Long Range Build,FRM-0445,MTR-0423,PROP-0013,ESC-0105,BAT-0090,FC-0105,Compatible,Racing FPV
BLD-0681,5in Freestyle Build,FRM-0320,MTR-0117,PROP-0184,ESC-0162,BAT-0258,FC-0204,Compatible,Racing FPV
BLD-0682,3in Cinewhoop Build,FRM-0168,MTR-0248,PROP-0126,ESC-0265,BAT-0184,FC-0139,Compatible,Mapping / Survey
BLD-0683,5in Freestyle Build,FRM-0149,MTR-0063,PROP-0213,ESC-0138,BAT-0085,FC-0216,Compatible,Racing FPV
BLD-0684,7in Long Range Build,FRM-0237,MTR-0412,PROP-0212,ESC-0183,BAT-0177,FC-0118,Compatible,Racing FPV
BLD-0685,Mapping UAV Build,FRM-0004,MTR-0173,PROP-0294,ESC-0223,BAT-0039,FC-0022,Compatible,Agriculture Monitoring
BLD-0686,3in Cinewhoop Build,FRM-0019,MTR-0365,PROP-0031,ESC-0230,BAT-0160,FC-0274,Compatible,Agriculture Monitoring
BLD-0687,Racing Build,FRM-0148,MTR-0228,PROP-0155,ESC-0086,BAT-0049,FC-0334,Compatible,Agriculture Monitoring
BLD-0688,Racing Build,FRM-0133,MTR-0347,PROP-0200,ESC-0148,BAT-0299,FC-0032,Compatible,Mapping / Survey
BLD-0689,Agriculture Scout Build,FRM-0117,MTR-0414,PROP-0218,ESC-0255,BAT-0270,FC-0212,Compatible,Long Range FPV
BLD-0690,3in Cinewhoop Build,FRM-0206,MTR-0185,PROP-0031,ESC-0122,BAT-0237,FC-0302,Compatible,Agriculture Monitoring
BLD-0691,Racing Build,FRM-0340,MTR-0395,PROP-0261,ESC-0292,BAT-0060,FC-0248,Compatible,Long Range FPV
BLD-0692,Mapping UAV Build,FRM-0273,MTR-0410,PROP-0234,ESC-0209,BAT-0239,FC-0146,Compatible,Agriculture Monitoring
BLD-0693,5in Freestyle Build,FRM-0387,MTR-0492,PROP-0196,ESC-0236,BAT-0143,FC-0055,Compatible,Cinematic FPV
BLD-0694,7in Long Range Build,FRM-0402,MTR-0425,PROP-0276,ESC-0139,BAT-0211,FC-0207,Compatible,Cinematic FPV
BLD-0695,7in Long Range Build,FRM-0146,MTR-0190,PROP-0213,ESC-0050,BAT-0170,FC-0273,Compatible,Cinematic FPV
BLD-0696,7in Long Range Build,FRM-0161,MTR-0495,PROP-0141,ESC-0086,BAT-0006,FC-0143,Compatible,Racing FPV
BLD-0697,5in Freestyle Build,FRM-0140,MTR-0331,PROP-0291,ESC-0005,BAT-0175,FC-0295,Compatible,Agriculture Monitoring
BLD-0698,Micro Whoop Build,FRM-0125,MTR-0188,PROP-0192,ESC-0018,BAT-0261,FC-0087,Compatible,Racing FPV
BLD-0699,Agriculture Scout Build,FRM-0186,MTR-0103,PROP-0207,ESC-0059,BAT-0207,FC-0237,Compatible,Cinematic FPV
BLD-0700,5in Freestyle Build,FRM-0440,MTR-0008,PROP-0254,ESC-0129,BAT-0155,FC-0345,Compatible,Freestyle FPV
BLD-0701,3in Cinewhoop Build,FRM-0155,MTR-0367,PROP-0263,ESC-0224,BAT-0142,FC-0057,Compatible,Cinematic FPV
BLD-0702,3in Cinewhoop Build,FRM-0019,MTR-0462,PROP-0256,ESC-0078,BAT-0257,FC-0203,Compatible,Mapping / Survey
BLD-0703,3in Cinewhoop Build,FRM-0022,MTR-0231,PROP-0161,ESC-0080,BAT-0007,FC-0162,Compatible,Mapping / Survey
BLD-0704,5in Freestyle Build,FRM-0243,MTR-0287,PROP-0223,ESC-0072,BAT-0154,FC-0132,Compatible,Mapping / Survey
BLD-0705,7in Long Range Build,FRM-0332,MTR-0231,PROP-0098,ESC-0295,BAT-0051,FC-0262,Compatible,Agriculture Monitoring
BLD-0706,Mapping UAV Build,FRM-0265,MTR-0170,PROP-0258,ESC-0251,BAT-0176,FC-0215,Compatible,Agriculture Monitoring
BLD-0707,Racing Build,FRM-0089,MTR-0462,PROP-0077,ESC-0297,BAT-0005,FC-0158,Compatible,Freestyle FPV
BLD-0708,Mapping UAV Build,FRM-0185,MTR-0294,PROP-0278,ESC-0162,BAT-0252,FC-0042,Compatible,Mapping / Survey
BLD-0709,3in Cinewhoop Build,FRM-0308,MTR-0277,PROP-0003,ESC-0068,BAT-0034,FC-0230,Compatible,Long Range FPV
BLD-0710,Racing Build,FRM-0146,MTR-0487,PROP-0097,ESC-0170,BAT-0239,FC-0203,Compatible,Long Range FPV
BLD-0711,7in Long Range Build,FRM-0003,MTR-0464,PROP-0248,ESC-0009,BAT-0236,FC-0188,Compatible,Racing FPV
BLD-0712,Agriculture Scout Build,FRM-0227,MTR-0025,PROP-0196,ESC-0297,BAT-0251,FC-0133,Compatible,Agriculture Monitoring
BLD-0713,Agriculture Scout Build,FRM-0325,MTR-0095,PROP-0286,ESC-0022,BAT-0063,FC-0148,Compatible,Agriculture Monitoring
BLD-0714,3in Cinewhoop Build,FRM-0284,MTR-0009,PROP-0293,ESC-0128,BAT-0288,FC-0330,Compatible,Cinematic FPV
BLD-0715,3in Cinewhoop Build,FRM-0386,MTR-0350,PROP-0185,ESC-0203,BAT-0137,FC-0194,Compatible,Mapping / Survey
BLD-0716,3in Cinewhoop Build,FRM-0049,MTR-0436,PROP-0298,ESC-0216,BAT-0160,FC-0222,Compatible,Long Range FPV
BLD-0717,Micro Whoop Build,FRM-0326,MTR-0480,PROP-0271,ESC-0098,BAT-0172,FC-0147,Compatible,Freestyle FPV
BLD-0718,Racing Build,FRM-0291,MTR-0019,PROP-0183,ESC-0136,BAT-0017,FC-0111,Compatible,Freestyle FPV
BLD-0719,Micro Whoop Build,FRM-0181,MTR-0346,PROP-0271,ESC-0227,BAT-0282,FC-0039,Compatible,Long Range FPV
BLD-0720,5in Freestyle Build,FRM-0446,MTR-0045,PROP-0092,ESC-0090,BAT-0227,FC-0034,Compatible,Cinematic FPV
BLD-0721,3in Cinewhoop Build,FRM-0164,MTR-0498,PROP-0235,ESC-0084,BAT-0175,FC-0276,Compatible,Racing FPV
BLD-0722,7in Long Range Build,FRM-0056,MTR-0219,PROP-0156,ESC-0062,BAT-0051,FC-0223,Compatible,Mapping / Survey
BLD-0723,Mapping UAV Build,FRM-0470,MTR-0369,PROP-0105,ESC-0062,BAT-0048,FC-0359,Compatible,Cinematic FPV
BLD-0724,7in Long Range Build,FRM-0079,MTR-0164,PROP-0006,ESC-0032,BAT-0167,FC-0212,Compatible,Mapping / Survey
BLD-0725,3in Cinewhoop Build,FRM-0348,MTR-0162,PROP-0148,ESC-0099,BAT-0295,FC-0247,Compatible,Agriculture Monitoring
BLD-0726,Mapping UAV Build,FRM-0452,MTR-0190,PROP-0011,ESC-0101,BAT-0274,FC-0055,Compatible,Freestyle FPV
BLD-0727,Racing Build,FRM-0358,MTR-0169,PROP-0046,ESC-0125,BAT-0249,FC-0255,Compatible,Cinematic FPV
BLD-0728,5in Freestyle Build,FRM-0186,MTR-0163,PROP-0256,ESC-0064,BAT-0234,FC-0309,Compatible,Mapping / Survey
BLD-0729,Micro Whoop Build,FRM-0218,MTR-0257,PROP-0037,ESC-0014,BAT-0240,FC-0017,Compatible,Freestyle FPV
BLD-0730,7in Long Range Build,FRM-0322,MTR-0279,PROP-0009,ESC-0035,BAT-0137,FC-0097,Compatible,Racing FPV
BLD-0731,Micro Whoop Build,FRM-0398,MTR-0105,PROP-0180,ESC-0154,BAT-0001,FC-0227,Compatible,Racing FPV
BLD-0732,Mapping UAV Build,FRM-0338,MTR-0060,PROP-0104,ESC-0175,BAT-0110,FC-0233,Compatible,Long Range FPV
BLD-0733,5in Freestyle Build,FRM-0308,MTR-0435,PROP-0213,ESC-0002,BAT-0031,FC-0357,Compatible,Cinematic FPV
BLD-0734,Micro Whoop Build,FRM-0418,MTR-0443,PROP-0170,ESC-0053,BAT-0069,FC-0119,Compatible,Freestyle FPV
BLD-0735,3in Cinewhoop Build,FRM-0164,MTR-0465,PROP-0059,ESC-0017,BAT-0286,FC-0115,Compatible,Mapping / Survey
BLD-0736,7in Long Range Build,FRM-0434,MTR-0028,PROP-0014,ESC-0155,BAT-0247,FC-0287,Compatible,Agriculture Monitoring
BLD-0737,Agriculture Scout Build,FRM-0060,MTR-0231,PROP-0035,ESC-0157,BAT-0057,FC-0012,Compatible,Agriculture Monitoring
BLD-0738,5in Freestyle Build,FRM-0228,MTR-0064,PROP-0117,ESC-0289,BAT-0225,FC-0151,Compatible,Racing FPV
BLD-0739,5in Freestyle Build,FRM-0242,MTR-0093,PROP-0023,ESC-0121,BAT-0215,FC-0312,Compatible,Racing FPV
BLD-0740,Micro Whoop Build,FRM-0246,MTR-0075,PROP-0267,ESC-0273,BAT-0146,FC-0284,Compatible,Agriculture Monitoring
BLD-0741,5in Freestyle Build,FRM-0171,MTR-0216,PROP-0217,ESC-0043,BAT-0162,FC-0063,Compatible,Racing FPV
BLD-0742,Racing Build,FRM-0031,MTR-0333,PROP-0128,ESC-0190,BAT-0071,FC-0122,Compatible,Long Range FPV
BLD-0743,5in Freestyle Build,FRM-0469,MTR-0228,PROP-0232,ESC-0282,BAT-0214,FC-0317,Compatible,Cinematic FPV
BLD-0744,3in Cinewhoop Build,FRM-0022,MTR-0077,PROP-0242,ESC-0165,BAT-0112,FC-0061,Compatible,Freestyle FPV
BLD-0745,Agriculture Scout Build,FRM-0272,MTR-0432,PROP-0031,ESC-0294,BAT-0274,FC-0100,Compatible,Agriculture Monitoring
BLD-0746,3in Cinewhoop Build,FRM-0284,MTR-0140,PROP-0004,ESC-0030,BAT-0039,FC-0145,Compatible,Long Range FPV
BLD-0747,Mapping UAV Build,FRM-0284,MTR-0245,PROP-0210,ESC-0238,BAT-0045,FC-0349,Compatible,Mapping / Survey
BLD-0748,Micro Whoop Build,FRM-0013,MTR-0423,PROP-0071,ESC-0131,BAT-0144,FC-0041,Compatible,Mapping / Survey
BLD-0749,Micro Whoop Build,FRM-0042,MTR-0235,PROP-0285,ESC-0263,BAT-0007,FC-0047,Compatible,Cinematic FPV
BLD-0750,Racing Build,FRM-0326,MTR-0250,PROP-0013,ESC-0005,BAT-0011,FC-0112,Compatible,Agriculture Monitoring
BLD-0751,Micro Whoop Build,FRM-0009,MTR-0083,PROP-0272,ESC-0034,BAT-0291,FC-0341,Compatible,Long Range FPV
BLD-0752,Micro Whoop Build,FRM-0495,MTR-0069,PROP-0169,ESC-0030,BAT-0036,FC-0111,Compatible,Racing FPV
BLD-0753,7in Long Range Build,FRM-0100,MTR-0074,PROP-0201,ESC-0014,BAT-0106,FC-0235,Compatible,Agriculture Monitoring
BLD-0754,Racing Build,FRM-0163,MTR-0456,PROP-0134,ESC-0215,BAT-0066,FC-0352,Compatible,Agriculture Monitoring
BLD-0755,Mapping UAV Build,FRM-0348,MTR-0257,PROP-0014,ESC-0032,BAT-0177,FC-0105,Compatible,Agriculture Monitoring
BLD-0756,3in Cinewhoop Build,FRM-0487,MTR-0033,PROP-0188,ESC-0080,BAT-0294,FC-0204,Compatible,Freestyle FPV
BLD-0757,Mapping UAV Build,FRM-0210,MTR-0023,PROP-0019,ESC-0128,BAT-0159,FC-0016,Compatible,Cinematic FPV
BLD-0758,Agriculture Scout Build,FRM-0380,MTR-0205,PROP-0248,ESC-0067,BAT-0255,FC-0293,Compatible,Agriculture Monitoring
BLD-0759,Agriculture Scout Build,FRM-0269,MTR-0394,PROP-0096,ESC-0297,BAT-0008,FC-0299,Compatible,Long Range FPV
BLD-0760,5in Freestyle Build,FRM-0376,MTR-0475,PROP-0192,ESC-0089,BAT-0232,FC-0127,Compatible,Freestyle FPV
BLD-0761,Racing Build,FRM-0225,MTR-0219,PROP-0189,ESC-0084,BAT-0265,FC-0316,Compatible,Racing FPV
BLD-0762,7in Long Range Build,FRM-0467,MTR-0351,PROP-0215,ESC-0076,BAT-0155,FC-0191,Compatible,Cinematic FPV
BLD-0763,Micro Whoop Build,FRM-0037,MTR-0016,PROP-0052,ESC-0074,BAT-0087,FC-0302,Compatible,Agriculture Monitoring
BLD-0764,7in Long Range Build,FRM-0070,MTR-0441,PROP-0134,ESC-0019,BAT-0116,FC-0049,Compatible,Mapping / Survey
BLD-0765,3in Cinewhoop Build,FRM-0213,MTR-0035,PROP-0157,ESC-0029,BAT-0124,FC-0082,Compatible,Long Range FPV
BLD-0766,3in Cinewhoop Build,FRM-0361,MTR-0049,PROP-0283,ESC-0118,BAT-0158,FC-0141,Compatible,Cinematic FPV
BLD-0767,7in Long Range Build,FRM-0075,MTR-0248,PROP-0059,ESC-0223,BAT-0107,FC-0363,Compatible,Long Range FPV
BLD-0768,Micro Whoop Build,FRM-0399,MTR-0006,PROP-0114,ESC-0297,BAT-0056,FC-0278,Compatible,Racing FPV
BLD-0769,5in Freestyle Build,FRM-0234,MTR-0174,PROP-0031,ESC-0052,BAT-0142,FC-0005,Compatible,Freestyle FPV
BLD-0770,Mapping UAV Build,FRM-0452,MTR-0127,PROP-0016,ESC-0014,BAT-0106,FC-0002,Compatible,Agriculture Monitoring
BLD-0771,Micro Whoop Build,FRM-0110,MTR-0051,PROP-0088,ESC-0110,BAT-0072,FC-0222,Compatible,Freestyle FPV
BLD-0772,3in Cinewhoop Build,FRM-0276,MTR-0376,PROP-0198,ESC-0149,BAT-0275,FC-0250,Compatible,Racing FPV
BLD-0773,Micro Whoop Build,FRM-0445,MTR-0308,PROP-0035,ESC-0175,BAT-0043,FC-0308,Compatible,Agriculture Monitoring
BLD-0774,Mapping UAV Build,FRM-0121,MTR-0091,PROP-0290,ESC-0121,BAT-0237,FC-0322,Compatible,Agriculture Monitoring
BLD-0775,Racing Build,FRM-0390,MTR-0275,PROP-0283,ESC-0182,BAT-0170,FC-0118,Compatible,Cinematic FPV
BLD-0776,3in Cinewhoop Build,FRM-0085,MTR-0307,PROP-0099,ESC-0015,BAT-0167,FC-0313,Compatible,Agriculture Monitoring
BLD-0777,Racing Build,FRM-0246,MTR-0192,PROP-0066,ESC-0261,BAT-0214,FC-0199,Compatible,Freestyle FPV
BLD-0778,5in Freestyle Build,FRM-0211,MTR-0345,PROP-0068,ESC-0012,BAT-0159,FC-0243,Compatible,Freestyle FPV
BLD-0779,3in Cinewhoop Build,FRM-0269,MTR-0080,PROP-0017,ESC-0151,BAT-0224,FC-0165,Compatible,Cinematic FPV
BLD-0780,7in Long Range Build,FRM-0421,MTR-0181,PROP-0116,ESC-0102,BAT-0082,FC-0278,Compatible,Mapping / Survey
BLD-0781,Racing Build,FRM-0377,MTR-0326,PROP-0069,ESC-0116,BAT-0222,FC-0121,Compatible,Racing FPV
BLD-0782,Racing Build,FRM-0146,MTR-0127,PROP-0081,ESC-0040,BAT-0276,FC-0053,Compatible,Racing FPV
BLD-0783,Micro Whoop Build,FRM-0406,MTR-0354,PROP-0089,ESC-0196,BAT-0172,FC-0272,Compatible,Freestyle FPV
BLD-0784,Racing Build,FRM-0160,MTR-0148,PROP-0133,ESC-0247,BAT-0103,FC-0028,Compatible,Freestyle FPV
BLD-0785,Mapping UAV Build,FRM-0038,MTR-0430,PROP-0205,ESC-0220,BAT-0296,FC-0324,Compatible,Cinematic FPV
BLD-0786,7in Long Range Build,FRM-0043,MTR-0331,PROP-0256,ESC-0037,BAT-0039,FC-0302,Compatible,Mapping / Survey
BLD-0787,Racing Build,FRM-0340,MTR-0168,PROP-0132,ESC-0151,BAT-0251,FC-0120,Compatible,Racing FPV
BLD-0788,7in Long Range Build,FRM-0441,MTR-0277,PROP-0011,ESC-0037,BAT-0279,FC-0283,Compatible,Long Range FPV
BLD-0789,Agriculture Scout Build,FRM-0340,MTR-0313,PROP-0099,ESC-0065,BAT-0089,FC-0067,Compatible,Mapping / Survey
BLD-0790,5in Freestyle Build,FRM-0379,MTR-0352,PROP-0259,ESC-0251,BAT-0262,FC-0365,Compatible,Long Range FPV
BLD-0791,Racing Build,FRM-0258,MTR-0293,PROP-0020,ESC-0124,BAT-0240,FC-0066,Compatible,Agriculture Monitoring
BLD-0792,Micro Whoop Build,FRM-0250,MTR-0109,PROP-0140,ESC-0226,BAT-0248,FC-0270,Compatible,Racing FPV
BLD-0793,Racing Build,FRM-0090,MTR-0203,PROP-0134,ESC-0124,BAT-0220,FC-0212,Compatible,Cinematic FPV
BLD-0794,Mapping UAV Build,FRM-0494,MTR-0132,PROP-0285,ESC-0275,BAT-0161,FC-0219,Compatible,Freestyle FPV
BLD-0795,Racing Build,FRM-0328,MTR-0146,PROP-0272,ESC-0171,BAT-0177,FC-0361,Compatible,Cinematic FPV
BLD-0796,Mapping UAV Build,FRM-0294,MTR-0135,PROP-0276,ESC-0034,BAT-0027,FC-0171,Compatible,Mapping / Survey
BLD-0797,Racing Build,FRM-0198,MTR-0297,PROP-0202,ESC-0270,BAT-0119,FC-0088,Compatible,Agriculture Monitoring
BLD-0798,7in Long Range Build,FRM-0271,MTR-0185,PROP-0133,ESC-0194,BAT-0034,FC-0072,Compatible,Long Range FPV
BLD-0799,Agriculture Scout Build,FRM-0105,MTR-0005,PROP-0150,ESC-0118,BAT-0035,FC-0200,Compatible,Mapping / Survey
BLD-0800,7in Long Range Build,FRM-0385,MTR-0287,PROP-0017,ESC-0043,BAT-0039,FC-0071,Compatible,Long Range FPV
BLD-0801,Micro Whoop Build,FRM-0087,MTR-0160,PROP-0136,ESC-0198,BAT-0023,FC-0065,Compatible,Long Range FPV
BLD-0802,Micro Whoop Build,FRM-0086,MTR-0491,PROP-0265,ESC-0118,BAT-0111,FC-0247,Compatible,Freestyle FPV
BLD-0803,Mapping UAV Build,FRM-0136,MTR-0173,PROP-0298,ESC-0071,BAT-0243,FC-0248,Compatible,Mapping / Survey
BLD-0804,Agriculture Scout Build,FRM-0208,MTR-0058,PROP-0198,ESC-0094,BAT-0204,FC-0372,Compatible,Long Range FPV
BLD-0805,Micro Whoop Build,FRM-0058,MTR-0388,PROP-0288,ESC-0175,BAT-0196,FC-0200,Compatible,Freestyle FPV
BLD-0806,Racing Build,FRM-0453,MTR-0138,PROP-0079,ESC-0174,BAT-0173,FC-0122,Compatible,Agriculture Monitoring
BLD-0807,Racing Build,FRM-0131,MTR-0444,PROP-0120,ESC-0212,BAT-0195,FC-0355,Compatible,Cinematic FPV
BLD-0808,7in Long Range Build,FRM-0306,MTR-0473,PROP-0278,ESC-0043,BAT-0100,FC-0174,Compatible,Long Range FPV
BLD-0809,3in Cinewhoop Build,FRM-0371,MTR-0348,PROP-0137,ESC-0182,BAT-0094,FC-0035,Compatible,Freestyle FPV
BLD-0810,3in Cinewhoop Build,FRM-0399,MTR-0200,PROP-0133,ESC-0062,BAT-0010,FC-0221,Compatible,Freestyle FPV
BLD-0811,Agriculture Scout Build,FRM-0435,MTR-0456,PROP-0131,ESC-0169,BAT-0131,FC-0316,Compatible,Cinematic FPV
BLD-0812,Agriculture Scout Build,FRM-0165,MTR-0337,PROP-0149,ESC-0207,BAT-0270,FC-0123,Compatible,Agriculture Monitoring
BLD-0813,Agriculture Scout Build,FRM-0166,MTR-0051,PROP-0028,ESC-0131,BAT-0085,FC-0240,Compatible,Long Range FPV
BLD-0814,Micro Whoop Build,FRM-0093,MTR-0453,PROP-0281,ESC-0300,BAT-0284,FC-0080,Compatible,Long Range FPV
BLD-0815,Micro Whoop Build,FRM-0208,MTR-0208,PROP-0009,ESC-0064,BAT-0195,FC-0139,Compatible,Agriculture Monitoring
BLD-0816,3in Cinewhoop Build,FRM-0002,MTR-0186,PROP-0094,ESC-0058,BAT-0289,FC-0307,Compatible,Agriculture Monitoring
BLD-0817,Racing Build,FRM-0410,MTR-0343,PROP-0190,ESC-0053,BAT-0059,FC-0097,Compatible,Freestyle FPV
BLD-0818,5in Freestyle Build,FRM-0324,MTR-0152,PROP-0190,ESC-0073,BAT-0114,FC-0130,Compatible,Long Range FPV
BLD-0819,Racing Build,FRM-0270,MTR-0443,PROP-0139,ESC-0232,BAT-0193,FC-0188,Compatible,Mapping / Survey
BLD-0820,7in Long Range Build,FRM-0118,MTR-0241,PROP-0031,ESC-0125,BAT-0226,FC-0068,Compatible,Racing FPV
BLD-0821,7in Long Range Build,FRM-0023,MTR-0295,PROP-0277,ESC-0022,BAT-0077,FC-0334,Compatible,Cinematic FPV
BLD-0822,7in Long Range Build,FRM-0034,MTR-0498,PROP-0212,ESC-0031,BAT-0259,FC-0076,Compatible,Freestyle FPV
BLD-0823,Mapping UAV Build,FRM-0080,MTR-0166,PROP-0125,ESC-0149,BAT-0089,FC-0087,Compatible,Racing FPV
BLD-0824,5in Freestyle Build,FRM-0166,MTR-0275,PROP-0209,ESC-0027,BAT-0283,FC-0141,Compatible,Long Range FPV
BLD-0825,Racing Build,FRM-0071,MTR-0026,PROP-0051,ESC-0234,BAT-0291,FC-0356,Compatible,Long Range FPV
BLD-0826,Agriculture Scout Build,FRM-0469,MTR-0452,PROP-0165,ESC-0265,BAT-0277,FC-0327,Compatible,Cinematic FPV
BLD-0827,5in Freestyle Build,FRM-0378,MTR-0339,PROP-0137,ESC-0039,BAT-0006,FC-0062,Compatible,Long Range FPV
BLD-0828,Micro Whoop Build,FRM-0087,MTR-0191,PROP-0064,ESC-0072,BAT-0265,FC-0235,Compatible,Mapping / Survey
BLD-0829,3in Cinewhoop Build,FRM-0149,MTR-0496,PROP-0074,ESC-0168,BAT-0096,FC-0207,Compatible,Agriculture Monitoring
BLD-0830,7in Long Range Build,FRM-0072,MTR-0204,PROP-0128,ESC-0171,BAT-0106,FC-0262,Compatible,Freestyle FPV
BLD-0831,Micro Whoop Build,FRM-0268,MTR-0352,PROP-0087,ESC-0069,BAT-0142,FC-0195,Compatible,Racing FPV
BLD-0832,3in Cinewhoop Build,FRM-0186,MTR-0354,PROP-0170,ESC-0044,BAT-0285,FC-0063,Compatible,Racing FPV
BLD-0833,Agriculture Scout Build,FRM-0185,MTR-0165,PROP-0178,ESC-0251,BAT-0197,FC-0314,Compatible,Long Range FPV
BLD-0834,Agriculture Scout Build,FRM-0021,MTR-0010,PROP-0201,ESC-0128,BAT-0105,FC-0157,Compatible,Agriculture Monitoring
BLD-0835,Micro Whoop Build,FRM-0057,MTR-0270,PROP-0194,ESC-0200,BAT-0136,FC-0038,Compatible,Mapping / Survey
BLD-0836,5in Freestyle Build,FRM-0208,MTR-0154,PROP-0142,ESC-0224,BAT-0090,FC-0079,Compatible,Mapping / Survey
BLD-0837,5in Freestyle Build,FRM-0361,MTR-0010,PROP-0274,ESC-0165,BAT-0263,FC-0266,Compatible,Long Range FPV
BLD-0838,3in Cinewhoop Build,FRM-0434,MTR-0124,PROP-0074,ESC-0214,BAT-0074,FC-0039,Compatible,Cinematic FPV
BLD-0839,Mapping UAV Build,FRM-0129,MTR-0003,PROP-0068,ESC-0219,BAT-0172,FC-0271,Compatible,Cinematic FPV
BLD-0840,7in Long Range Build,FRM-0069,MTR-0094,PROP-0034,ESC-0284,BAT-0041,FC-0144,Compatible,Racing FPV
BLD-0841,7in Long Range Build,FRM-0165,MTR-0310,PROP-0105,ESC-0091,BAT-0111,FC-0104,Compatible,Freestyle FPV
BLD-0842,Agriculture Scout Build,FRM-0324,MTR-0307,PROP-0265,ESC-0298,BAT-0171,FC-0324,Compatible,Mapping / Survey
BLD-0843,Micro Whoop Build,FRM-0438,MTR-0078,PROP-0266,ESC-0015,BAT-0074,FC-0062,Compatible,Mapping / Survey
BLD-0844,Agriculture Scout Build,FRM-0389,MTR-0439,PROP-0009,ESC-0264,BAT-0021,FC-0303,Compatible,Agriculture Monitoring
BLD-0845,Racing Build,FRM-0163,MTR-0419,PROP-0027,ESC-0198,BAT-0096,FC-0211,Compatible,Agriculture Monitoring
BLD-0846,3in Cinewhoop Build,FRM-0102,MTR-0180,PROP-0135,ESC-0189,BAT-0013,FC-0211,Compatible,Freestyle FPV
BLD-0847,7in Long Range Build,FRM-0210,MTR-0467,PROP-0008,ESC-0047,BAT-0046,FC-0081,Compatible,Agriculture Monitoring
BLD-0848,Mapping UAV Build,FRM-0187,MTR-0048,PROP-0212,ESC-0208,BAT-0023,FC-0205,Compatible,Cinematic FPV
BLD-0849,5in Freestyle Build,FRM-0413,MTR-0272,PROP-0091,ESC-0015,BAT-0278,FC-0362,Compatible,Cinematic FPV
BLD-0850,7in Long Range Build,FRM-0333,MTR-0352,PROP-0151,ESC-0086,BAT-0211,FC-0074,Compatible,Freestyle FPV
BLD-0851,Agriculture Scout Build,FRM-0181,MTR-0228,PROP-0046,ESC-0027,BAT-0162,FC-0314,Compatible,Cinematic FPV
BLD-0852,Racing Build,FRM-0058,MTR-0432,PROP-0154,ESC-0239,BAT-0104,FC-0183,Compatible,Cinematic FPV
BLD-0853,7in Long Range Build,FRM-0466,MTR-0225,PROP-0146,ESC-0148,BAT-0072,FC-0319,Compatible,Agriculture Monitoring
BLD-0854,5in Freestyle Build,FRM-0156,MTR-0052,PROP-0259,ESC-0020,BAT-0200,FC-0181,Compatible,Long Range FPV
BLD-0855,Micro Whoop Build,FRM-0339,MTR-0169,PROP-0133,ESC-0161,BAT-0143,FC-0345,Compatible,Long Range FPV
BLD-0856,Mapping UAV Build,FRM-0322,MTR-0037,PROP-0261,ESC-0199,BAT-0167,FC-0268,Compatible,Agriculture Monitoring
BLD-0857,Racing Build,FRM-0480,MTR-0488,PROP-0001,ESC-0151,BAT-0260,FC-0269,Compatible,Mapping / Survey
BLD-0858,5in Freestyle Build,FRM-0325,MTR-0291,PROP-0257,ESC-0041,BAT-0085,FC-0330,Compatible,Mapping / Survey
BLD-0859,Racing Build,FRM-0265,MTR-0215,PROP-0017,ESC-0039,BAT-0112,FC-0139,Compatible,Long Range FPV
BLD-0860,Agriculture Scout Build,FRM-0311,MTR-0026,PROP-0228,ESC-0132,BAT-0182,FC-0014,Compatible,Cinematic FPV
BLD-0861,3in Cinewhoop Build,FRM-0382,MTR-0421,PROP-0211,ESC-0257,BAT-0267,FC-0080,Compatible,Freestyle FPV
BLD-0862,7in Long Range Build,FRM-0476,MTR-0321,PROP-0062,ESC-0033,BAT-0165,FC-0027,Compatible,Cinematic FPV
BLD-0863,7in Long Range Build,FRM-0491,MTR-0013,PROP-0234,ESC-0123,BAT-0103,FC-0266,Compatible,Agriculture Monitoring
BLD-0864,Micro Whoop Build,FRM-0166,MTR-0317,PROP-0073,ESC-0290,BAT-0063,FC-0227,Compatible,Mapping / Survey
BLD-0865,5in Freestyle Build,FRM-0239,MTR-0380,PROP-0058,ESC-0137,BAT-0153,FC-0116,Compatible,Cinematic FPV
BLD-0866,Agriculture Scout Build,FRM-0284,MTR-0113,PROP-0208,ESC-0083,BAT-0172,FC-0065,Compatible,Racing FPV
BLD-0867,7in Long Range Build,FRM-0293,MTR-0038,PROP-0283,ESC-0263,BAT-0249,FC-0263,Compatible,Cinematic FPV
BLD-0868,Mapping UAV Build,FRM-0222,MTR-0034,PROP-0050,ESC-0278,BAT-0065,FC-0215,Compatible,Racing FPV
BLD-0869,Racing Build,FRM-0164,MTR-0110,PROP-0130,ESC-0056,BAT-0140,FC-0096,Compatible,Long Range FPV
BLD-0870,Mapping UAV Build,FRM-0206,MTR-0312,PROP-0053,ESC-0213,BAT-0271,FC-0240,Compatible,Racing FPV
BLD-0871,Micro Whoop Build,FRM-0085,MTR-0473,PROP-0025,ESC-0284,BAT-0075,FC-0294,Compatible,Long Range FPV
BLD-0872,Agriculture Scout Build,FRM-0261,MTR-0243,PROP-0241,ESC-0052,BAT-0010,FC-0002,Compatible,Racing FPV
BLD-0873,7in Long Range Build,FRM-0331,MTR-0104,PROP-0223,ESC-0147,BAT-0218,FC-0126,Compatible,Mapping / Survey
BLD-0874,Racing Build,FRM-0300,MTR-0114,PROP-0179,ESC-0275,BAT-0059,FC-0182,Compatible,Cinematic FPV
BLD-0875,5in Freestyle Build,FRM-0491,MTR-0179,PROP-0121,ESC-0275,BAT-0219,FC-0163,Compatible,Freestyle FPV
BLD-0876,Agriculture Scout Build,FRM-0029,MTR-0302,PROP-0265,ESC-0186,BAT-0151,FC-0047,Compatible,Agriculture Monitoring
BLD-0877,Micro Whoop Build,FRM-0377,MTR-0338,PROP-0008,ESC-0105,BAT-0117,FC-0077,Compatible,Mapping / Survey
BLD-0878,Racing Build,FRM-0436,MTR-0094,PROP-0114,ESC-0148,BAT-0272,FC-0069,Compatible,Mapping / Survey
BLD-0879,5in Freestyle Build,FRM-0129,MTR-0487,PROP-0034,ESC-0017,BAT-0113,FC-0001,Compatible,Mapping / Survey
BLD-0880,Racing Build,FRM-0145,MTR-0289,PROP-0062,ESC-0006,BAT-0032,FC-0371,Compatible,Freestyle FPV
BLD-0881,Mapping UAV Build,FRM-0310,MTR-0105,PROP-0179,ESC-0270,BAT-0081,FC-0053,Compatible,Cinematic FPV
BLD-0882,Racing Build,FRM-0063,MTR-0033,PROP-0257,ESC-0229,BAT-0285,FC-0330,Compatible,Racing FPV
BLD-0883,7in Long Range Build,FRM-0017,MTR-0125,PROP-0055,ESC-0092,BAT-0005,FC-0309,Compatible,Freestyle FPV
BLD-0884,3in Cinewhoop Build,FRM-0426,MTR-0388,PROP-0017,ESC-0044,BAT-0225,FC-0215,Compatible,Freestyle FPV
BLD-0885,Mapping UAV Build,FRM-0142,MTR-0038,PROP-0254,ESC-0182,BAT-0022,FC-0217,Compatible,Mapping / Survey
BLD-0886,Racing Build,FRM-0117,MTR-0367,PROP-0287,ESC-0189,BAT-0229,FC-0330,Compatible,Agriculture Monitoring
BLD-0887,5in Freestyle Build,FRM-0248,MTR-0267,PROP-0176,ESC-0245,BAT-0136,FC-0093,Compatible,Freestyle FPV
BLD-0888,Racing Build,FRM-0375,MTR-0423,PROP-0146,ESC-0293,BAT-0068,FC-0263,Compatible,Cinematic FPV
BLD-0889,5in Freestyle Build,FRM-0286,MTR-0246,PROP-0174,ESC-0017,BAT-0165,FC-0229,Compatible,Freestyle FPV
BLD-0890,Agriculture Scout Build,FRM-0300,MTR-0362,PROP-0049,ESC-0203,BAT-0143,FC-0211,Compatible,Freestyle FPV
BLD-0891,Agriculture Scout Build,FRM-0435,MTR-0236,PROP-0049,ESC-0112,BAT-0161,FC-0328,Compatible,Mapping / Survey
BLD-0892,3in Cinewhoop Build,FRM-0104,MTR-0321,PROP-0049,ESC-0278,BAT-0274,FC-0163,Compatible,Mapping / Survey
BLD-0893,Mapping UAV Build,FRM-0110,MTR-0163,PROP-0231,ESC-0271,BAT-0197,FC-0343,Compatible,Freestyle FPV
BLD-0894,5in Freestyle Build,FRM-0188,MTR-0328,PROP-0275,ESC-0042,BAT-0212,FC-0119,Compatible,Mapping / Survey
BLD-0895,Mapping UAV Build,FRM-0247,MTR-0387,PROP-0074,ESC-0240,BAT-0147,FC-0019,Compatible,Racing FPV
BLD-0896,Mapping UAV Build,FRM-0419,MTR-0357,PROP-0296,ESC-0269,BAT-0070,FC-0299,Compatible,Cinematic FPV
BLD-0897,Micro Whoop Build,FRM-0395,MTR-0216,PROP-0148,ESC-0195,BAT-0167,FC-0032,Compatible,Freestyle FPV
BLD-0898,Agriculture Scout Build,FRM-0416,MTR-0095,PROP-0098,ESC-0066,BAT-0287,FC-0047,Compatible,Agriculture Monitoring
BLD-0899,Agriculture Scout Build,FRM-0412,MTR-0285,PROP-0191,ESC-0116,BAT-0227,FC-0339,Compatible,Mapping / Survey
BLD-0900,Mapping UAV Build,FRM-0377,MTR-0448,PROP-0065,ESC-0015,BAT-0116,FC-0213,Compatible,Freestyle FPV
BLD-0901,Mapping UAV Build,FRM-0346,MTR-0269,PROP-0263,ESC-0242,BAT-0169,FC-0319,Compatible,Long Range FPV
BLD-0902,5in Freestyle Build,FRM-0136,MTR-0213,PROP-0072,ESC-0232,BAT-0026,FC-0203,Compatible,Cinematic FPV
BLD-0903,7in Long Range Build,FRM-0178,MTR-0241,PROP-0069,ESC-0120,BAT-0016,FC-0255,Compatible,Mapping / Survey
BLD-0904,5in Freestyle Build,FRM-0007,MTR-0451,PROP-0014,ESC-0269,BAT-0007,FC-0378,Compatible,Mapping / Survey
BLD-0905,5in Freestyle Build,FRM-0369,MTR-0096,PROP-0040,ESC-0047,BAT-0131,FC-0253,Compatible,Mapping / Survey
BLD-0906,Mapping UAV Build,FRM-0109,MTR-0474,PROP-0097,ESC-0121,BAT-0165,FC-0209,Compatible,Freestyle FPV
BLD-0907,Micro Whoop Build,FRM-0388,MTR-0181,PROP-0209,ESC-0296,BAT-0148,FC-0008,Compatible,Racing FPV
BLD-0908,7in Long Range Build,FRM-0426,MTR-0180,PROP-0139,ESC-0250,BAT-0193,FC-0378,Compatible,Agriculture Monitoring
BLD-0909,7in Long Range Build,FRM-0058,MTR-0360,PROP-0298,ESC-0083,BAT-0228,FC-0372,Compatible,Mapping / Survey
BLD-0910,5in Freestyle Build,FRM-0028,MTR-0467,PROP-0228,ESC-0168,BAT-0273,FC-0287,Compatible,Cinematic FPV
BLD-0911,Micro Whoop Build,FRM-0186,MTR-0235,PROP-0217,ESC-0209,BAT-0261,FC-0086,Compatible,Cinematic FPV
BLD-0912,7in Long Range Build,FRM-0439,MTR-0001,PROP-0222,ESC-0263,BAT-0045,FC-0298,Compatible,Mapping / Survey
BLD-0913,5in Freestyle Build,FRM-0130,MTR-0446,PROP-0234,ESC-0205,BAT-0106,FC-0350,Compatible,Freestyle FPV
BLD-0914,5in Freestyle Build,FRM-0460,MTR-0175,PROP-0173,ESC-0051,BAT-0139,FC-0075,Compatible,Mapping / Survey
BLD-0915,Racing Build,FRM-0309,MTR-0388,PROP-0232,ESC-0183,BAT-0061,FC-0170,Compatible,Racing FPV
BLD-0916,3in Cinewhoop Build,FRM-0079,MTR-0281,PROP-0295,ESC-0047,BAT-0031,FC-0095,Compatible,Racing FPV
BLD-0917,Racing Build,FRM-0195,MTR-0100,PROP-0032,ESC-0202,BAT-0205,FC-0111,Compatible,Racing FPV
BLD-0918,7in Long Range Build,FRM-0210,MTR-0086,PROP-0111,ESC-0077,BAT-0071,FC-0158,Compatible,Mapping / Survey
BLD-0919,Micro Whoop Build,FRM-0069,MTR-0293,PROP-0243,ESC-0064,BAT-0246,FC-0023,Compatible,Agriculture Monitoring
BLD-0920,Racing Build,FRM-0495,MTR-0311,PROP-0123,ESC-0214,BAT-0117,FC-0275,Compatible,Freestyle FPV
BLD-0921,7in Long Range Build,FRM-0136,MTR-0432,PROP-0139,ESC-0212,BAT-0049,FC-0252,Compatible,Mapping / Survey
BLD-0922,7in Long Range Build,FRM-0073,MTR-0337,PROP-0049,ESC-0295,BAT-0017,FC-0328,Compatible,Mapping / Survey
BLD-0923,7in Long Range Build,FRM-0254,MTR-0019,PROP-0019,ESC-0109,BAT-0269,FC-0174,Compatible,Mapping / Survey
BLD-0924,5in Freestyle Build,FRM-0132,MTR-0425,PROP-0174,ESC-0113,BAT-0183,FC-0199,Compatible,Cinematic FPV
BLD-0925,Mapping UAV Build,FRM-0280,MTR-0348,PROP-0244,ESC-0199,BAT-0044,FC-0271,Compatible,Racing FPV
BLD-0926,Agriculture Scout Build,FRM-0499,MTR-0108,PROP-0289,ESC-0267,BAT-0272,FC-0180,Compatible,Racing FPV
BLD-0927,Micro Whoop Build,FRM-0256,MTR-0127,PROP-0223,ESC-0012,BAT-0026,FC-0342,Compatible,Cinematic FPV
BLD-0928,Agriculture Scout Build,FRM-0276,MTR-0254,PROP-0038,ESC-0160,BAT-0202,FC-0126,Compatible,Mapping / Survey
BLD-0929,7in Long Range Build,FRM-0243,MTR-0161,PROP-0083,ESC-0022,BAT-0255,FC-0313,Compatible,Freestyle FPV
BLD-0930,Agriculture Scout Build,FRM-0414,MTR-0267,PROP-0137,ESC-0177,BAT-0083,FC-0110,Compatible,Agriculture Monitoring
BLD-0931,Mapping UAV Build,FRM-0269,MTR-0315,PROP-0207,ESC-0131,BAT-0189,FC-0307,Compatible,Cinematic FPV
BLD-0932,Agriculture Scout Build,FRM-0393,MTR-0185,PROP-0197,ESC-0098,BAT-0031,FC-0029,Compatible,Cinematic FPV
BLD-0933,5in Freestyle Build,FRM-0063,MTR-0219,PROP-0170,ESC-0246,BAT-0037,FC-0327,Compatible,Mapping / Survey
BLD-0934,7in Long Range Build,FRM-0251,MTR-0091,PROP-0162,ESC-0010,BAT-0294,FC-0005,Compatible,Cinematic FPV
BLD-0935,Racing Build,FRM-0216,MTR-0042,PROP-0009,ESC-0224,BAT-0040,FC-0320,Compatible,Freestyle FPV
BLD-0936,7in Long Range Build,FRM-0089,MTR-0109,PROP-0098,ESC-0219,BAT-0282,FC-0323,Compatible,Racing FPV
BLD-0937,Micro Whoop Build,FRM-0494,MTR-0154,PROP-0222,ESC-0004,BAT-0002,FC-0225,Compatible,Mapping / Survey
BLD-0938,Racing Build,FRM-0118,MTR-0437,PROP-0226,ESC-0147,BAT-0168,FC-0309,Compatible,Cinematic FPV
BLD-0939,Racing Build,FRM-0408,MTR-0158,PROP-0024,ESC-0192,BAT-0235,FC-0131,Compatible,Freestyle FPV
BLD-0940,Micro Whoop Build,FRM-0178,MTR-0022,PROP-0243,ESC-0252,BAT-0128,FC-0326,Compatible,Cinematic FPV
BLD-0941,Racing Build,FRM-0179,MTR-0285,PROP-0207,ESC-0153,BAT-0228,FC-0188,Compatible,Racing FPV
BLD-0942,Agriculture Scout Build,FRM-0295,MTR-0124,PROP-0043,ESC-0282,BAT-0021,FC-0020,Compatible,Agriculture Monitoring
BLD-0943,7in Long Range Build,FRM-0123,MTR-0407,PROP-0159,ESC-0134,BAT-0284,FC-0299,Compatible,Cinematic FPV
BLD-0944,5in Freestyle Build,FRM-0447,MTR-0035,PROP-0252,ESC-0052,BAT-0189,FC-0098,Compatible,Racing FPV
BLD-0945,Mapping UAV Build,FRM-0250,MTR-0081,PROP-0085,ESC-0189,BAT-0196,FC-0312,Compatible,Long Range FPV
BLD-0946,Racing Build,FRM-0136,MTR-0137,PROP-0232,ESC-0129,BAT-0285,FC-0056,Compatible,Mapping / Survey
BLD-0947,Racing Build,FRM-0116,MTR-0040,PROP-0025,ESC-0030,BAT-0159,FC-0037,Compatible,Cinematic FPV
BLD-0948,Racing Build,FRM-0180,MTR-0273,PROP-0058,ESC-0049,BAT-0074,FC-0319,Compatible,Agriculture Monitoring
BLD-0949,5in Freestyle Build,FRM-0377,MTR-0371,PROP-0025,ESC-0018,BAT-0242,FC-0036,Compatible,Agriculture Monitoring
BLD-0950,7in Long Range Build,FRM-0008,MTR-0325,PROP-0124,ESC-0042,BAT-0224,FC-0220,Compatible,Agriculture Monitoring
BLD-0951,5in Freestyle Build,FRM-0090,MTR-0165,PROP-0031,ESC-0221,BAT-0280,FC-0119,Compatible,Freestyle FPV
BLD-0952,Racing Build,FRM-0307,MTR-0131,PROP-0103,ESC-0197,BAT-0241,FC-0227,Compatible,Mapping / Survey
BLD-0953,3in Cinewhoop Build,FRM-0094,MTR-0497,PROP-0119,ESC-0136,BAT-0200,FC-0152,Compatible,Mapping / Survey
BLD-0954,3in Cinewhoop Build,FRM-0318,MTR-0092,PROP-0102,ESC-0099,BAT-0146,FC-0056,Compatible,Freestyle FPV
BLD-0955,Mapping UAV Build,FRM-0385,MTR-0484,PROP-0274,ESC-0086,BAT-0136,FC-0320,Compatible,Mapping / Survey
BLD-0956,3in Cinewhoop Build,FRM-0317,MTR-0024,PROP-0282,ESC-0170,BAT-0110,FC-0136,Compatible,Agriculture Monitoring
BLD-0957,Micro Whoop Build,FRM-0212,MTR-0363,PROP-0072,ESC-0075,BAT-0057,FC-0167,Compatible,Mapping / Survey
BLD-0958,3in Cinewhoop Build,FRM-0182,MTR-0078,PROP-0270,ESC-0200,BAT-0159,FC-0061,Compatible,Freestyle FPV
BLD-0959,Mapping UAV Build,FRM-0415,MTR-0396,PROP-0227,ESC-0006,BAT-0054,FC-0073,Compatible,Cinematic FPV
BLD-0960,Mapping UAV Build,FRM-0441,MTR-0362,PROP-0022,ESC-0116,BAT-0012,FC-0049,Compatible,Long Range FPV
BLD-0961,Agriculture Scout Build,FRM-0220,MTR-0319,PROP-0213,ESC-0014,BAT-0061,FC-0276,Compatible,Racing FPV
BLD-0962,3in Cinewhoop Build,FRM-0458,MTR-0419,PROP-0287,ESC-0034,BAT-0098,FC-0350,Compatible,Mapping / Survey
BLD-0963,Micro Whoop Build,FRM-0106,MTR-0431,PROP-0160,ESC-0198,BAT-0126,FC-0260,Compatible,Freestyle FPV
BLD-0964,Agriculture Scout Build,FRM-0140,MTR-0271,PROP-0208,ESC-0094,BAT-0103,FC-0272,Compatible,Long Range FPV
BLD-0965,7in Long Range Build,FRM-0151,MTR-0212,PROP-0070,ESC-0053,BAT-0063,FC-0105,Compatible,Agriculture Monitoring
BLD-0966,Mapping UAV Build,FRM-0292,MTR-0455,PROP-0115,ESC-0280,BAT-0162,FC-0334,Compatible,Cinematic FPV
BLD-0967,7in Long Range Build,FRM-0027,MTR-0323,PROP-0006,ESC-0281,BAT-0036,FC-0164,Compatible,Freestyle FPV
BLD-0968,5in Freestyle Build,FRM-0200,MTR-0312,PROP-0296,ESC-0092,BAT-0259,FC-0307,Compatible,Freestyle FPV
BLD-0969,Micro Whoop Build,FRM-0343,MTR-0312,PROP-0145,ESC-0273,BAT-0198,FC-0366,Compatible,Mapping / Survey
BLD-0970,5in Freestyle Build,FRM-0322,MTR-0388,PROP-0215,ESC-0073,BAT-0029,FC-0262,Compatible,Agriculture Monitoring
BLD-0971,Micro Whoop Build,FRM-0265,MTR-0398,PROP-0232,ESC-0198,BAT-0060,FC-0325,Compatible,Racing FPV
BLD-0972,Agriculture Scout Build,FRM-0191,MTR-0380,PROP-0104,ESC-0300,BAT-0275,FC-0063,Compatible,Racing FPV
BLD-0973,Mapping UAV Build,FRM-0319,MTR-0033,PROP-0295,ESC-0225,BAT-0090,FC-0368,Compatible,Mapping / Survey
BLD-0974,5in Freestyle Build,FRM-0495,MTR-0216,PROP-0114,ESC-0163,BAT-0174,FC-0006,Compatible,Mapping / Survey
BLD-0975,Micro Whoop Build,FRM-0429,MTR-0199,PROP-0257,ESC-0257,BAT-0197,FC-0099,Compatible,Freestyle FPV
BLD-0976,Mapping UAV Build,FRM-0262,MTR-0079,PROP-0186,ESC-0132,BAT-0289,FC-0031,Compatible,Freestyle FPV
BLD-0977,Agriculture Scout Build,FRM-0173,MTR-0246,PROP-0191,ESC-0240,BAT-0108,FC-0024,Compatible,Long Range FPV
BLD-0978,3in Cinewhoop Build,FRM-0125,MTR-0013,PROP-0020,ESC-0005,BAT-0299,FC-0017,Compatible,Agriculture Monitoring
BLD-0979,7in Long Range Build,FRM-0381,MTR-0142,PROP-0144,ESC-0004,BAT-0284,FC-0365,Compatible,Freestyle FPV
BLD-0980,Racing Build,FRM-0298,MTR-0222,PROP-0057,ESC-0015,BAT-0107,FC-0010,Compatible,Long Range FPV
BLD-0981,Agriculture Scout Build,FRM-0498,MTR-0486,PROP-0140,ESC-0245,BAT-0215,FC-0048,Compatible,Agriculture Monitoring
BLD-0982,Agriculture Scout Build,FRM-0021,MTR-0249,PROP-0013,ESC-0133,BAT-0133,FC-0377,Compatible,Cinematic FPV
BLD-0983,Racing Build,FRM-0434,MTR-0227,PROP-0100,ESC-0287,BAT-0037,FC-0326,Compatible,Freestyle FPV
BLD-0984,7in Long Range Build,FRM-0108,MTR-0348,PROP-0027,ESC-0086,BAT-0246,FC-0079,Compatible,Cinematic FPV
BLD-0985,5in Freestyle Build,FRM-0030,MTR-0317,PROP-0048,ESC-0144,BAT-0093,FC-0038,Compatible,Mapping / Survey
BLD-0986,Agriculture Scout Build,FRM-0375,MTR-0475,PROP-0176,ESC-0235,BAT-0116,FC-0309,Compatible,Mapping / Survey
BLD-0987,Micro Whoop Build,FRM-0301,MTR-0123,PROP-0153,ESC-0213,BAT-0300,FC-0310,Compatible,Long Range FPV
BLD-0988,Mapping UAV Build,FRM-0139,MTR-0239,PROP-0036,ESC-0017,BAT-0202,FC-0220,Compatible,Long Range FPV
BLD-0989,Agriculture Scout Build,FRM-0257,MTR-0175,PROP-0023,ESC-0052,BAT-0047,FC-0127,Compatible,Agriculture Monitoring
BLD-0990,Agriculture Scout Build,FRM-0089,MTR-0285,PROP-0244,ESC-0120,BAT-0085,FC-0130,Compatible,Racing FPV
BLD-0991,Mapping UAV Build,FRM-0169,MTR-0494,PROP-0182,ESC-0271,BAT-0248,FC-0027,Compatible,Racing FPV
BLD-0992,Mapping UAV Build,FRM-0475,MTR-0116,PROP-0053,ESC-0295,BAT-0220,FC-0163,Compatible,Cinematic FPV
BLD-0993,Mapping UAV Build,FRM-0470,MTR-0382,PROP-0052,ESC-0286,BAT-0075,FC-0359,Compatible,Freestyle FPV
BLD-0994,3in Cinewhoop Build,FRM-0125,MTR-0431,PROP-0251,ESC-0282,BAT-0145,FC-0199,Compatible,Freestyle FPV
BLD-0995,5in Freestyle Build,FRM-0320,MTR-0013,PROP-0154,ESC-0161,BAT-0048,FC-0150,Compatible,Mapping / Survey
BLD-0996,Micro Whoop Build,FRM-0096,MTR-0311,PROP-0078,ESC-0289,BAT-0049,FC-0080,Compatible,Cinematic FPV
BLD-0997,5in Freestyle Build,FRM-0305,MTR-0097,PROP-0213,ESC-0150,BAT-0138,FC-0241,Compatible,Cinematic FPV
BLD-0998,Agriculture Scout Build,FRM-0457,MTR-0415,PROP-0044,ESC-0018,BAT-0231,FC-0193,Compatible,Long Range FPV
BLD-0999,7in Long Range Build,FRM-0023,MTR-0023,PROP-0063,ESC-0252,BAT-0050,FC-0217,Compatible,Agriculture Monitoring
BLD-1000,Mapping UAV Build,FRM-0208,MTR-0204,PROP-0185,ESC-0206,BAT-0271,FC-0289,Compatible,Mapping / Survey
BLD-1001,Agriculture Scout Build,FRM-0144,MTR-0377,PROP-0137,ESC-0127,BAT-0176,FC-0193,Compatible,Cinematic FPV
BLD-1002,Racing Build,FRM-0351,MTR-0057,PROP-0227,ESC-0081,BAT-0084,FC-0058,Compatible,Long Range FPV
BLD-1003,Racing Build,FRM-0003,MTR-0246,PROP-0101,ESC-0039,BAT-0059,FC-0241,Compatible,Cinematic FPV
BLD-1004,3in Cinewhoop Build,FRM-0009,MTR-0106,PROP-0148,ESC-0166,BAT-0159,FC-0350,Compatible,Cinematic FPV
BLD-1005,Agriculture Scout Build,FRM-0010,MTR-0415,PROP-0236,ESC-0009,BAT-0204,FC-0135,Compatible,Mapping / Survey
BLD-1006,5in Freestyle Build,FRM-0185,MTR-0066,PROP-0284,ESC-0074,BAT-0091,FC-0237,Compatible,Cinematic FPV
BLD-1007,Mapping UAV Build,FRM-0004,MTR-0181,PROP-0058,ESC-0106,BAT-0149,FC-0107,Compatible,Mapping / Survey
BLD-1008,Agriculture Scout Build,FRM-0449,MTR-0484,PROP-0255,ESC-0080,BAT-0123,FC-0144,Compatible,Mapping / Survey
BLD-1009,Micro Whoop Build,FRM-0022,MTR-0422,PROP-0231,ESC-0081,BAT-0285,FC-0044,Compatible,Cinematic FPV
BLD-1010,Agriculture Scout Build,FRM-0257,MTR-0168,PROP-0154,ESC-0241,BAT-0222,FC-0224,Compatible,Agriculture Monitoring
BLD-1011,Mapping UAV Build,FRM-0350,MTR-0320,PROP-0231,ESC-0259,BAT-0231,FC-0298,Compatible,Mapping / Survey
BLD-1012,3in Cinewhoop Build,FRM-0304,MTR-0388,PROP-0253,ESC-0083,BAT-0123,FC-0220,Compatible,Mapping / Survey
BLD-1013,Racing Build,FRM-0317,MTR-0121,PROP-0205,ESC-0138,BAT-0300,FC-0166,Compatible,Agriculture Monitoring
BLD-1014,Racing Build,FRM-0146,MTR-0309,PROP-0221,ESC-0152,BAT-0202,FC-0343,Compatible,Freestyle FPV
BLD-1015,Agriculture Scout Build,FRM-0185,MTR-0043,PROP-0273,ESC-0258,BAT-0082,FC-0157,Compatible,Agriculture Monitoring
BLD-1016,Mapping UAV Build,FRM-0347,MTR-0330,PROP-0208,ESC-0031,BAT-0052,FC-0022,Compatible,Racing FPV
BLD-1017,Mapping UAV Build,FRM-0189,MTR-0245,PROP-0260,ESC-0096,BAT-0245,FC-0283,Compatible,Mapping / Survey
BLD-1018,Agriculture Scout Build,FRM-0155,MTR-0037,PROP-0275,ESC-0293,BAT-0176,FC-0102,Compatible,Agriculture Monitoring
BLD-1019,Agriculture Scout Build,FRM-0488,MTR-0090,PROP-0253,ESC-0167,BAT-0180,FC-0334,Compatible,Freestyle FPV
BLD-1020,Mapping UAV Build,FRM-0120,MTR-0412,PROP-0109,ESC-0059,BAT-0280,FC-0371,Compatible,Agriculture Monitoring
BLD-1021,7in Long Range Build,FRM-0343,MTR-0160,PROP-0037,ESC-0122,BAT-0197,FC-0150,Compatible,Freestyle FPV
BLD-1022,Micro Whoop Build,FRM-0305,MTR-0136,PROP-0246,ESC-0163,BAT-0161,FC-0089,Compatible,Mapping / Survey
BLD-1023,Agriculture Scout Build,FRM-0261,MTR-0365,PROP-0288,ESC-0249,BAT-0126,FC-0052,Compatible,Cinematic FPV
BLD-1024,Racing Build,FRM-0385,MTR-0093,PROP-0227,ESC-0236,BAT-0140,FC-0245,Compatible,Agriculture Monitoring
BLD-1025,Agriculture Scout Build,FRM-0089,MTR-0168,PROP-0118,ESC-0013,BAT-0172,FC-0191,Compatible,Agriculture Monitoring
BLD-1026,7in Long Range Build,FRM-0316,MTR-0471,PROP-0208,ESC-0190,BAT-0235,FC-0145,Compatible,Freestyle FPV
BLD-1027,Mapping UAV Build,FRM-0495,MTR-0478,PROP-0170,ESC-0230,BAT-0212,FC-0078,Compatible,Agriculture Monitoring
BLD-1028,7in Long Range Build,FRM-0361,MTR-0377,PROP-0045,ESC-0177,BAT-0049,FC-0187,Compatible,Freestyle FPV
BLD-1029,Mapping UAV Build,FRM-0437,MTR-0163,PROP-0242,ESC-0223,BAT-0060,FC-0024,Compatible,Racing FPV
BLD-1030,7in Long Range Build,FRM-0272,MTR-0314,PROP-0225,ESC-0202,BAT-0079,FC-0298,Compatible,Long Range FPV
BLD-1031,Mapping UAV Build,FRM-0477,MTR-0449,PROP-0219,ESC-0112,BAT-0142,FC-0323,Compatible,Agriculture Monitoring
BLD-1032,5in Freestyle Build,FRM-0096,MTR-0163,PROP-0298,ESC-0015,BAT-0121,FC-0123,Compatible,Racing FPV
BLD-1033,Micro Whoop Build,FRM-0314,MTR-0091,PROP-0035,ESC-0050,BAT-0266,FC-0144,Compatible,Freestyle FPV
BLD-1034,Mapping UAV Build,FRM-0479,MTR-0123,PROP-0082,ESC-0069,BAT-0167,FC-0045,Compatible,Long Range FPV
BLD-1035,Racing Build,FRM-0495,MTR-0480,PROP-0285,ESC-0274,BAT-0220,FC-0207,Compatible,Long Range FPV
BLD-1036,Racing Build,FRM-0259,MTR-0281,PROP-0168,ESC-0266,BAT-0204,FC-0041,Compatible,Freestyle FPV
BLD-1037,Racing Build,FRM-0419,MTR-0351,PROP-0124,ESC-0011,BAT-0120,FC-0283,Compatible,Cinematic FPV
BLD-1038,3in Cinewhoop Build,FRM-0207,MTR-0400,PROP-0116,ESC-0155,BAT-0016,FC-0115,Compatible,Freestyle FPV
BLD-1039,5in Freestyle Build,FRM-0274,MTR-0143,PROP-0013,ESC-0297,BAT-0139,FC-0305,Compatible,Long Range FPV
BLD-1040,Agriculture Scout Build,FRM-0395,MTR-0034,PROP-0270,ESC-0229,BAT-0112,FC-0118,Compatible,Cinematic FPV
BLD-1041,Racing Build,FRM-0046,MTR-0256,PROP-0204,ESC-0194,BAT-0235,FC-0199,Compatible,Cinematic FPV
BLD-1042,Agriculture Scout Build,FRM-0378,MTR-0364,PROP-0112,ESC-0032,BAT-0166,FC-0074,Compatible,Racing FPV
BLD-1043,3in Cinewhoop Build,FRM-0184,MTR-0217,PROP-0094,ESC-0241,BAT-0112,FC-0004,Compatible,Cinematic FPV
BLD-1044,Racing Build,FRM-0191,MTR-0495,PROP-0206,ESC-0288,BAT-0167,FC-0092,Compatible,Long Range FPV
BLD-1045,5in Freestyle Build,FRM-0347,MTR-0381,PROP-0007,ESC-0281,BAT-0046,FC-0256,Compatible,Cinematic FPV
BLD-1046,3in Cinewhoop Build,FRM-0001,MTR-0201,PROP-0177,ESC-0022,BAT-0300,FC-0296,Compatible,Mapping / Survey
BLD-1047,3in Cinewhoop Build,FRM-0216,MTR-0292,PROP-0152,ESC-0114,BAT-0148,FC-0225,Compatible,Long Range FPV
BLD-1048,Mapping UAV Build,FRM-0353,MTR-0020,PROP-0298,ESC-0148,BAT-0028,FC-0368,Compatible,Long Range FPV
BLD-1049,Racing Build,FRM-0397,MTR-0450,PROP-0125,ESC-0103,BAT-0032,FC-0272,Compatible,Long Range FPV
BLD-1050,3in Cinewhoop Build,FRM-0266,MTR-0166,PROP-0225,ESC-0270,BAT-0244,FC-0262,Compatible,Cinematic FPV
BLD-1051,Micro Whoop Build,FRM-0254,MTR-0323,PROP-0074,ESC-0234,BAT-0241,FC-0290,Compatible,Racing FPV
BLD-1052,Mapping UAV Build,FRM-0350,MTR-0437,PROP-0262,ESC-0260,BAT-0225,FC-0206,Compatible,Long Range FPV
BLD-1053,Mapping UAV Build,FRM-0435,MTR-0329,PROP-0124,ESC-0268,BAT-0121,FC-0023,Compatible,Freestyle FPV
BLD-1054,3in Cinewhoop Build,FRM-0319,MTR-0390,PROP-0130,ESC-0097,BAT-0210,FC-0095,Compatible,Long Range FPV
BLD-1055,Mapping UAV Build,FRM-0071,MTR-0267,PROP-0009,ESC-0028,BAT-0243,FC-0089,Compatible,Long Range FPV
BLD-1056,Mapping UAV Build,FRM-0448,MTR-0485,PROP-0131,ESC-0107,BAT-0069,FC-0077,Compatible,Mapping / Survey
BLD-1057,Agriculture Scout Build,FRM-0340,MTR-0036,PROP-0221,ESC-0053,BAT-0029,FC-0101,Compatible,Cinematic FPV
BLD-1058,3in Cinewhoop Build,FRM-0346,MTR-0211,PROP-0144,ESC-0002,BAT-0251,FC-0197,Compatible,Agriculture Monitoring
BLD-1059,Agriculture Scout Build,FRM-0003,MTR-0295,PROP-0052,ESC-0273,BAT-0158,FC-0040,Compatible,Agriculture Monitoring
BLD-1060,Micro Whoop Build,FRM-0287,MTR-0207,PROP-0294,ESC-0042,BAT-0143,FC-0359,Compatible,Racing FPV
BLD-1061,Agriculture Scout Build,FRM-0334,MTR-0468,PROP-0079,ESC-0079,BAT-0249,FC-0362,Compatible,Mapping / Survey
BLD-1062,Agriculture Scout Build,FRM-0116,MTR-0445,PROP-0251,ESC-0232,BAT-0246,FC-0131,Compatible,Agriculture Monitoring
BLD-1063,5in Freestyle Build,FRM-0479,MTR-0368,PROP-0178,ESC-0145,BAT-0209,FC-0310,Compatible,Long Range FPV
BLD-1064,7in Long Range Build,FRM-0324,MTR-0176,PROP-0244,ESC-0176,BAT-0171,FC-0207,Compatible,Agriculture Monitoring
BLD-1065,5in Freestyle Build,FRM-0321,MTR-0312,PROP-0210,ESC-0077,BAT-0231,FC-0216,Compatible,Freestyle FPV
BLD-1066,Racing Build,FRM-0493,MTR-0373,PROP-0203,ESC-0058,BAT-0245,FC-0123,Compatible,Cinematic FPV
BLD-1067,Mapping UAV Build,FRM-0162,MTR-0214,PROP-0141,ESC-0214,BAT-0055,FC-0140,Compatible,Racing FPV
BLD-1068,7in Long Range Build,FRM-0113,MTR-0102,PROP-0053,ESC-0149,BAT-0120,FC-0246,Compatible,Racing FPV
BLD-1069,7in Long Range Build,FRM-0314,MTR-0189,PROP-0009,ESC-0235,BAT-0236,FC-0210,Compatible,Racing FPV
BLD-1070,5in Freestyle Build,FRM-0267,MTR-0489,PROP-0207,ESC-0209,BAT-0300,FC-0246,Compatible,Freestyle FPV
BLD-1071,Micro Whoop Build,FRM-0004,MTR-0142,PROP-0021,ESC-0128,BAT-0010,FC-0084,Compatible,Racing FPV
BLD-1072,Racing Build,FRM-0342,MTR-0316,PROP-0229,ESC-0084,BAT-0131,FC-0069,Compatible,Long Range FPV
BLD-1073,Mapping UAV Build,FRM-0326,MTR-0109,PROP-0165,ESC-0060,BAT-0269,FC-0289,Compatible,Freestyle FPV
BLD-1074,3in Cinewhoop Build,FRM-0075,MTR-0377,PROP-0224,ESC-0289,BAT-0224,FC-0210,Compatible,Freestyle FPV
BLD-1075,Mapping UAV Build,FRM-0329,MTR-0160,PROP-0138,ESC-0289,BAT-0252,FC-0028,Compatible,Racing FPV
BLD-1076,7in Long Range Build,FRM-0126,MTR-0198,PROP-0194,ESC-0282,BAT-0073,FC-0266,Compatible,Long Range FPV
BLD-1077,5in Freestyle Build,FRM-0127,MTR-0443,PROP-0153,ESC-0258,BAT-0147,FC-0352,Compatible,Long Range FPV
BLD-1078,Agriculture Scout Build,FRM-0038,MTR-0169,PROP-0106,ESC-0116,BAT-0232,FC-0237,Compatible,Agriculture Monitoring
BLD-1079,Racing Build,FRM-0178,MTR-0303,PROP-0259,ESC-0298,BAT-0173,FC-0082,Compatible,Freestyle FPV
BLD-1080,5in Freestyle Build,FRM-0283,MTR-0322,PROP-0028,ESC-0057,BAT-0038,FC-0369,Compatible,Mapping / Survey
BLD-1081,Agriculture Scout Build,FRM-0369,MTR-0164,PROP-0271,ESC-0147,BAT-0270,FC-0080,Compatible,Racing FPV
BLD-1082,Racing Build,FRM-0411,MTR-0155,PROP-0072,ESC-0025,BAT-0163,FC-0300,Compatible,Mapping / Survey
BLD-1083,3in Cinewhoop Build,FRM-0415,MTR-0149,PROP-0181,ESC-0238,BAT-0118,FC-0371,Compatible,Long Range FPV
BLD-1084,Mapping UAV Build,FRM-0122,MTR-0489,PROP-0091,ESC-0223,BAT-0112,FC-0345,Compatible,Cinematic FPV
BLD-1085,Racing Build,FRM-0445,MTR-0423,PROP-0018,ESC-0045,BAT-0140,FC-0242,Compatible,Cinematic FPV
BLD-1086,7in Long Range Build,FRM-0272,MTR-0382,PROP-0071,ESC-0072,BAT-0239,FC-0318,Compatible,Mapping / Survey
BLD-1087,7in Long Range Build,FRM-0218,MTR-0310,PROP-0201,ESC-0070,BAT-0161,FC-0326,Compatible,Racing FPV
BLD-1088,5in Freestyle Build,FRM-0250,MTR-0410,PROP-0037,ESC-0202,BAT-0146,FC-0375,Compatible,Long Range FPV
BLD-1089,Mapping UAV Build,FRM-0144,MTR-0334,PROP-0271,ESC-0177,BAT-0113,FC-0281,Compatible,Cinematic FPV
BLD-1090,Agriculture Scout Build,FRM-0470,MTR-0369,PROP-0118,ESC-0246,BAT-0184,FC-0043,Compatible,Freestyle FPV
BLD-1091,5in Freestyle Build,FRM-0438,MTR-0284,PROP-0121,ESC-0242,BAT-0027,FC-0332,Compatible,Cinematic FPV
BLD-1092,Racing Build,FRM-0130,MTR-0495,PROP-0249,ESC-0260,BAT-0254,FC-0068,Compatible,Freestyle FPV
BLD-1093,7in Long Range Build,FRM-0087,MTR-0344,PROP-0157,ESC-0166,BAT-0151,FC-0185,Compatible,Cinematic FPV
BLD-1094,Mapping UAV Build,FRM-0396,MTR-0133,PROP-0005,ESC-0031,BAT-0266,FC-0183,Compatible,Racing FPV
BLD-1095,Mapping UAV Build,FRM-0412,MTR-0282,PROP-0063,ESC-0298,BAT-0104,FC-0221,Compatible,Freestyle FPV
BLD-1096,3in Cinewhoop Build,FRM-0128,MTR-0151,PROP-0204,ESC-0206,BAT-0175,FC-0297,Compatible,Cinematic FPV
BLD-1097,Micro Whoop Build,FRM-0176,MTR-0478,PROP-0228,ESC-0219,BAT-0212,FC-0103,Compatible,Agriculture Monitoring
BLD-1098,Mapping UAV Build,FRM-0068,MTR-0380,PROP-0064,ESC-0095,BAT-0026,FC-0275,Compatible,Long Range FPV
BLD-1099,5in Freestyle Build,FRM-0181,MTR-0381,PROP-0071,ESC-0052,BAT-0262,FC-0174,Compatible,Cinematic FPV
BLD-1100,Micro Whoop Build,FRM-0143,MTR-0065,PROP-0057,ESC-0014,BAT-0042,FC-0279,Compatible,Freestyle FPV
BLD-1101,Mapping UAV Build,FRM-0128,MTR-0402,PROP-0228,ESC-0189,BAT-0270,FC-0357,Compatible,Mapping / Survey
BLD-1102,Racing Build,FRM-0451,MTR-0196,PROP-0126,ESC-0300,BAT-0299,FC-0320,Compatible,Agriculture Monitoring
BLD-1103,Micro Whoop Build,FRM-0051,MTR-0015,PROP-0094,ESC-0056,BAT-0257,FC-0025,Compatible,Freestyle FPV
BLD-1104,Mapping UAV Build,FRM-0048,MTR-0355,PROP-0109,ESC-0213,BAT-0016,FC-0244,Compatible,Cinematic FPV
BLD-1105,Mapping UAV Build,FRM-0160,MTR-0393,PROP-0202,ESC-0015,BAT-0075,FC-0184,Compatible,Long Range FPV
BLD-1106,Agriculture Scout Build,FRM-0399,MTR-0199,PROP-0257,ESC-0244,BAT-0262,FC-0325,Compatible,Racing FPV
BLD-1107,Agriculture Scout Build,FRM-0229,MTR-0412,PROP-0118,ESC-0172,BAT-0298,FC-0166,Compatible,Cinematic FPV
BLD-1108,5in Freestyle Build,FRM-0155,MTR-0453,PROP-0070,ESC-0180,BAT-0145,FC-0340,Compatible,Freestyle FPV
BLD-1109,Mapping UAV Build,FRM-0284,MTR-0274,PROP-0023,ESC-0264,BAT-0269,FC-0159,Compatible,Freestyle FPV
BLD-1110,Racing Build,FRM-0451,MTR-0071,PROP-0296,ESC-0216,BAT-0159,FC-0145,Compatible,Agriculture Monitoring
BLD-1111,Mapping UAV Build,FRM-0012,MTR-0376,PROP-0133,ESC-0244,BAT-0143,FC-0042,Compatible,Long Range FPV
BLD-1112,3in Cinewhoop Build,FRM-0465,MTR-0374,PROP-0258,ESC-0292,BAT-0049,FC-0349,Compatible,Mapping / Survey
BLD-1113,7in Long Range Build,FRM-0300,MTR-0407,PROP-0284,ESC-0014,BAT-0048,FC-0020,Compatible,Long Range FPV
BLD-1114,Micro Whoop Build,FRM-0227,MTR-0487,PROP-0238,ESC-0066,BAT-0020,FC-0360,Compatible,Agriculture Monitoring
BLD-1115,Mapping UAV Build,FRM-0009,MTR-0315,PROP-0009,ESC-0127,BAT-0073,FC-0083,Compatible,Long Range FPV
BLD-1116,7in Long Range Build,FRM-0009,MTR-0164,PROP-0065,ESC-0124,BAT-0204,FC-0219,Compatible,Racing FPV
BLD-1117,Agriculture Scout Build,FRM-0071,MTR-0240,PROP-0214,ESC-0195,BAT-0066,FC-0264,Compatible,Mapping / Survey
BLD-1118,Racing Build,FRM-0054,MTR-0139,PROP-0239,ESC-0042,BAT-0142,FC-0166,Compatible,Mapping / Survey
BLD-1119,Racing Build,FRM-0293,MTR-0165,PROP-0122,ESC-0279,BAT-0184,FC-0352,Compatible,Racing FPV
BLD-1120,3in Cinewhoop Build,FRM-0277,MTR-0287,PROP-0038,ESC-0291,BAT-0200,FC-0122,Compatible,Mapping / Survey
BLD-1121,Racing Build,FRM-0358,MTR-0342,PROP-0257,ESC-0147,BAT-0289,FC-0036,Compatible,Mapping / Survey
BLD-1122,3in Cinewhoop Build,FRM-0250,MTR-0017,PROP-0103,ESC-0191,BAT-0184,FC-0041,Compatible,Freestyle FPV
BLD-1123,5in Freestyle Build,FRM-0422,MTR-0182,PROP-0085,ESC-0111,BAT-0273,FC-0078,Compatible,Freestyle FPV
BLD-1124,7in Long Range Build,FRM-0058,MTR-0406,PROP-0169,ESC-0088,BAT-0013,FC-0257,Compatible,Long Range FPV
BLD-1125,Racing Build,FRM-0438,MTR-0203,PROP-0142,ESC-0240,BAT-0051,FC-0021,Compatible,Cinematic FPV
BLD-1126,Micro Whoop Build,FRM-0473,MTR-0012,PROP-0087,ESC-0233,BAT-0095,FC-0371,Compatible,Long Range FPV
BLD-1127,Mapping UAV Build,FRM-0208,MTR-0393,PROP-0260,ESC-0158,BAT-0294,FC-0217,Compatible,Cinematic FPV
BLD-1128,Racing Build,FRM-0168,MTR-0290,PROP-0003,ESC-0040,BAT-0236,FC-0235,Compatible,Long Range FPV
BLD-1129,Micro Whoop Build,FRM-0423,MTR-0028,PROP-0278,ESC-0204,BAT-0173,FC-0209,Compatible,Agriculture Monitoring
BLD-1130,Mapping UAV Build,FRM-0185,MTR-0446,PROP-0244,ESC-0254,BAT-0081,FC-0085,Compatible,Racing FPV
BLD-1131,7in Long Range Build,FRM-0346,MTR-0037,PROP-0041,ESC-0040,BAT-0186,FC-0113,Compatible,Freestyle FPV
BLD-1132,Mapping UAV Build,FRM-0307,MTR-0456,PROP-0110,ESC-0205,BAT-0050,FC-0076,Compatible,Agriculture Monitoring
BLD-1133,Racing Build,FRM-0095,MTR-0051,PROP-0272,ESC-0154,BAT-0259,FC-0161,Compatible,Long Range FPV
BLD-1134,7in Long Range Build,FRM-0043,MTR-0223,PROP-0197,ESC-0299,BAT-0223,FC-0228,Compatible,Racing FPV
BLD-1135,7in Long Range Build,FRM-0486,MTR-0488,PROP-0258,ESC-0174,BAT-0089,FC-0379,Compatible,Freestyle FPV
BLD-1136,7in Long Range Build,FRM-0203,MTR-0215,PROP-0147,ESC-0212,BAT-0270,FC-0156,Compatible,Cinematic FPV
BLD-1137,Mapping UAV Build,FRM-0362,MTR-0126,PROP-0189,ESC-0265,BAT-0007,FC-0048,Compatible,Agriculture Monitoring
BLD-1138,Mapping UAV Build,FRM-0332,MTR-0447,PROP-0120,ESC-0143,BAT-0103,FC-0265,Compatible,Agriculture Monitoring
BLD-1139,Micro Whoop Build,FRM-0320,MTR-0131,PROP-0096,ESC-0026,BAT-0078,FC-0033,Compatible,Mapping / Survey
BLD-1140,3in Cinewhoop Build,FRM-0039,MTR-0004,PROP-0290,ESC-0059,BAT-0173,FC-0340,Compatible,Freestyle FPV
BLD-1141,Racing Build,FRM-0400,MTR-0095,PROP-0052,ESC-0254,BAT-0215,FC-0302,Compatible,Mapping / Survey
BLD-1142,Micro Whoop Build,FRM-0318,MTR-0242,PROP-0077,ESC-0221,BAT-0291,FC-0354,Compatible,Racing FPV
BLD-1143,Agriculture Scout Build,FRM-0133,MTR-0378,PROP-0015,ESC-0111,BAT-0290,FC-0356,Compatible,Mapping / Survey
BLD-1144,Racing Build,FRM-0491,MTR-0072,PROP-0203,ESC-0264,BAT-0188,FC-0261,Compatible,Agriculture Monitoring
BLD-1145,5in Freestyle Build,FRM-0177,MTR-0077,PROP-0125,ESC-0159,BAT-0080,FC-0065,Compatible,Cinematic FPV
BLD-1146,Mapping UAV Build,FRM-0431,MTR-0153,PROP-0130,ESC-0173,BAT-0029,FC-0077,Compatible,Cinematic FPV
BLD-1147,3in Cinewhoop Build,FRM-0494,MTR-0299,PROP-0129,ESC-0139,BAT-0207,FC-0130,Compatible,Cinematic FPV
BLD-1148,Racing Build,FRM-0167,MTR-0419,PROP-0230,ESC-0107,BAT-0046,FC-0203,Compatible,Long Range FPV
BLD-1149,Mapping UAV Build,FRM-0329,MTR-0318,PROP-0184,ESC-0283,BAT-0084,FC-0072,Compatible,Cinematic FPV
BLD-1150,3in Cinewhoop Build,FRM-0100,MTR-0311,PROP-0111,ESC-0267,BAT-0077,FC-0019,Compatible,Freestyle FPV
BLD-1151,7in Long Range Build,FRM-0201,MTR-0092,PROP-0050,ESC-0018,BAT-0146,FC-0166,Compatible,Agriculture Monitoring
BLD-1152,Mapping UAV Build,FRM-0388,MTR-0149,PROP-0271,ESC-0298,BAT-0225,FC-0088,Compatible,Agriculture Monitoring
BLD-1153,Mapping UAV Build,FRM-0201,MTR-0107,PROP-0240,ESC-0151,BAT-0071,FC-0014,Compatible,Agriculture Monitoring
BLD-1154,Agriculture Scout Build,FRM-0105,MTR-0453,PROP-0087,ESC-0155,BAT-0227,FC-0124,Compatible,Agriculture Monitoring
BLD-1155,Micro Whoop Build,FRM-0357,MTR-0070,PROP-0089,ESC-0099,BAT-0147,FC-0030,Compatible,Mapping / Survey
BLD-1156,3in Cinewhoop Build,FRM-0005,MTR-0344,PROP-0007,ESC-0207,BAT-0095,FC-0015,Compatible,Agriculture Monitoring
BLD-1157,Agriculture Scout Build,FRM-0077,MTR-0236,PROP-0163,ESC-0092,BAT-0284,FC-0036,Compatible,Cinematic FPV
BLD-1158,5in Freestyle Build,FRM-0180,MTR-0349,PROP-0220,ESC-0164,BAT-0007,FC-0268,Compatible,Freestyle FPV
BLD-1159,Micro Whoop Build,FRM-0093,MTR-0096,PROP-0295,ESC-0238,BAT-0068,FC-0339,Compatible,Freestyle FPV
BLD-1160,7in Long Range Build,FRM-0427,MTR-0088,PROP-0097,ESC-0090,BAT-0180,FC-0223,Compatible,Long Range FPV
BLD-1161,Racing Build,FRM-0102,MTR-0446,PROP-0192,ESC-0124,BAT-0068,FC-0352,Compatible,Mapping / Survey
BLD-1162,3in Cinewhoop Build,FRM-0486,MTR-0134,PROP-0219,ESC-0162,BAT-0042,FC-0214,Compatible,Racing FPV
BLD-1163,7in Long Range Build,FRM-0469,MTR-0090,PROP-0220,ESC-0062,BAT-0079,FC-0353,Compatible,Agriculture Monitoring
BLD-1164,5in Freestyle Build,FRM-0371,MTR-0141,PROP-0185,ESC-0019,BAT-0216,FC-0365,Compatible,Freestyle FPV
BLD-1165,7in Long Range Build,FRM-0224,MTR-0474,PROP-0271,ESC-0102,BAT-0215,FC-0209,Compatible,Mapping / Survey
BLD-1166,Agriculture Scout Build,FRM-0351,MTR-0058,PROP-0161,ESC-0203,BAT-0288,FC-0093,Compatible,Cinematic FPV
BLD-1167,Mapping UAV Build,FRM-0314,MTR-0260,PROP-0167,ESC-0129,BAT-0103,FC-0103,Compatible,Racing FPV
BLD-1168,Agriculture Scout Build,FRM-0480,MTR-0050,PROP-0106,ESC-0139,BAT-0141,FC-0322,Compatible,Long Range FPV
BLD-1169,Agriculture Scout Build,FRM-0347,MTR-0136,PROP-0091,ESC-0136,BAT-0007,FC-0200,Compatible,Cinematic FPV
BLD-1170,Agriculture Scout Build,FRM-0116,MTR-0215,PROP-0124,ESC-0017,BAT-0210,FC-0323,Compatible,Freestyle FPV
BLD-1171,Mapping UAV Build,FRM-0275,MTR-0155,PROP-0078,ESC-0258,BAT-0005,FC-0014,Compatible,Cinematic FPV
BLD-1172,5in Freestyle Build,FRM-0157,MTR-0355,PROP-0215,ESC-0219,BAT-0247,FC-0210,Compatible,Agriculture Monitoring
BLD-1173,5in Freestyle Build,FRM-0303,MTR-0090,PROP-0164,ESC-0288,BAT-0039,FC-0357,Compatible,Mapping / Survey
BLD-1174,3in Cinewhoop Build,FRM-0451,MTR-0391,PROP-0121,ESC-0224,BAT-0212,FC-0140,Compatible,Agriculture Monitoring
BLD-1175,5in Freestyle Build,FRM-0349,MTR-0186,PROP-0154,ESC-0231,BAT-0123,FC-0211,Compatible,Long Range FPV
BLD-1176,3in Cinewhoop Build,FRM-0095,MTR-0464,PROP-0126,ESC-0291,BAT-0168,FC-0358,Compatible,Racing FPV
BLD-1177,7in Long Range Build,FRM-0447,MTR-0396,PROP-0207,ESC-0228,BAT-0001,FC-0104,Compatible,Cinematic FPV
BLD-1178,3in Cinewhoop Build,FRM-0022,MTR-0081,PROP-0083,ESC-0003,BAT-0098,FC-0147,Compatible,Freestyle FPV
BLD-1179,5in Freestyle Build,FRM-0488,MTR-0411,PROP-0032,ESC-0243,BAT-0219,FC-0123,Compatible,Freestyle FPV
BLD-1180,Agriculture Scout Build,FRM-0008,MTR-0256,PROP-0056,ESC-0293,BAT-0018,FC-0316,Compatible,Mapping / Survey
BLD-1181,7in Long Range Build,FRM-0148,MTR-0459,PROP-0153,ESC-0038,BAT-0152,FC-0076,Compatible,Agriculture Monitoring
BLD-1182,Agriculture Scout Build,FRM-0436,MTR-0472,PROP-0127,ESC-0032,BAT-0002,FC-0077,Compatible,Agriculture Monitoring
BLD-1183,Mapping UAV Build,FRM-0327,MTR-0151,PROP-0104,ESC-0034,BAT-0039,FC-0097,Compatible,Agriculture Monitoring
BLD-1184,Micro Whoop Build,FRM-0170,MTR-0046,PROP-0007,ESC-0121,BAT-0091,FC-0088,Compatible,Agriculture Monitoring
BLD-1185,5in Freestyle Build,FRM-0071,MTR-0379,PROP-0041,ESC-0184,BAT-0284,FC-0012,Compatible,Long Range FPV
BLD-1186,Agriculture Scout Build,FRM-0152,MTR-0011,PROP-0222,ESC-0031,BAT-0189,FC-0362,Compatible,Freestyle FPV
BLD-1187,3in Cinewhoop Build,FRM-0037,MTR-0414,PROP-0218,ESC-0104,BAT-0024,FC-0027,Compatible,Cinematic FPV
BLD-1188,Agriculture Scout Build,FRM-0129,MTR-0021,PROP-0030,ESC-0070,BAT-0176,FC-0339,Compatible,Agriculture Monitoring
BLD-1189,5in Freestyle Build,FRM-0112,MTR-0087,PROP-0117,ESC-0073,BAT-0033,FC-0356,Compatible,Agriculture Monitoring
BLD-1190,Mapping UAV Build,FRM-0283,MTR-0085,PROP-0258,ESC-0079,BAT-0192,FC-0336,Compatible,Racing FPV
BLD-1191,3in Cinewhoop Build,FRM-0060,MTR-0043,PROP-0011,ESC-0175,BAT-0071,FC-0001,Compatible,Mapping / Survey
BLD-1192,3in Cinewhoop Build,FRM-0481,MTR-0119,PROP-0181,ESC-0251,BAT-0108,FC-0362,Compatible,Freestyle FPV
BLD-1193,7in Long Range Build,FRM-0180,MTR-0388,PROP-0072,ESC-0232,BAT-0077,FC-0173,Compatible,Cinematic FPV
BLD-1194,Agriculture Scout Build,FRM-0130,MTR-0063,PROP-0019,ESC-0196,BAT-0088,FC-0275,Compatible,Long Range FPV
BLD-1195,7in Long Range Build,FRM-0391,MTR-0448,PROP-0044,ESC-0156,BAT-0124,FC-0311,Compatible,Freestyle FPV
BLD-1196,Mapping UAV Build,FRM-0474,MTR-0312,PROP-0281,ESC-0174,BAT-0062,FC-0012,Compatible,Cinematic FPV
BLD-1197,Racing Build,FRM-0320,MTR-0326,PROP-0195,ESC-0267,BAT-0203,FC-0162,Compatible,Agriculture Monitoring
BLD-1198,Mapping UAV Build,FRM-0185,MTR-0384,PROP-0005,ESC-0146,BAT-0013,FC-0012,Compatible,Agriculture Monitoring
BLD-1199,5in Freestyle Build,FRM-0226,MTR-0056,PROP-0221,ESC-0222,BAT-0116,FC-0125,Compatible,Cinematic FPV
BLD-1200,3in Cinewhoop Build,FRM-0462,MTR-0330,PROP-0134,ESC-0217,BAT-0051,FC-0007,Compatible,Cinematic FPV
